,W,T,D,A,Y,P,R,N,C,Q,E,V,F,S,K,G,H,L,M,I
W,10.0,2.0,0.0,0.0,1.0,0.0,2.0,0.0,0.0,0.0,0.0,0.0,0.0,1.0,0.0,2.0,0.0,2.0,0.0,0.0
T,2.0,292.0,4.0,3.0,1.0,1.0,3.0,2.0,0.0,10.0,6.0,5.0,1.0,19.0,1.0,14.0,0.0,3.0,1.0,1.0
D,0.0,4.0,54.0,3.0,2.0,2.0,2.0,3.0,0.0,1.0,3.0,1.0,0.0,1.0,0.0,8.0,0.0,3.0,1.0,4.0
A,0.0,3.0,3.0,558.0,2.0,3.0,2.0,4.0,0.0,3.0,1.0,1.0,0.0,3.0,1.0,6.0,2.0,1.0,1.0,0.0
Y,1.0,1.0,2.0,2.0,282.0,3.0,6.0,1.0,0.0,1.0,1.0,2.0,2.0,5.0,3.0,2.0,4.0,8.0,0.0,1.0
P,0.0,1.0,2.0,3.0,3.0,66.0,1.0,4.0,0.0,3.0,1.0,1.0,1.0,3.0,0.0,14.0,1.0,9.0,0.0,0.0
R,2.0,3.0,2.0,2.0,6.0,1.0,56.0,0.0,0.0,1.0,0.0,1.0,2.0,8.0,0.0,3.0,0.0,0.0,0.0,1.0
N,0.0,2.0,3.0,4.0,1.0,4.0,0.0,70.0,0.0,0.0,0.0,0.0,1.0,4.0,0.0,5.0,0.0,2.0,0.0,2.0
C,0.0,0.0,0.0,0.0,0.0,0.0,0.0,0.0,400.0,0.0,0.0,0.0,0.0,2.0,0.0,0.0,0.0,0.0,0.0,0.0
Q,0.0,10.0,1.0,3.0,1.0,3.0,1.0,0.0,0.0,228.0,2.0,4.0,0.0,1.0,0.0,10.0,1.0,7.0,0.0,0.0
E,0.0,6.0,3.0,1.0,1.0,1.0,0.0,0.0,0.0,2.0,336.0,1.0,0.0,3.0,0.0,10.0,0.0,2.0,0.0,2.0
V,0.0,5.0,1.0,1.0,2.0,1.0,1.0,0.0,0.0,4.0,1.0,8.0,2.0,2.0,1.0,9.0,1.0,1.0,1.0,3.0
F,0.0,1.0,0.0,0.0,2.0,1.0,2.0,1.0,0.0,0.0,0.0,2.0,622.0,3.0,1.0,2.0,0.0,2.0,0.0,1.0
S,1.0,19.0,1.0,3.0,5.0,3.0,8.0,4.0,2.0,1.0,3.0,2.0,3.0,856.0,1.0,13.0,0.0,9.0,0.0,4.0
K,0.0,1.0,0.0,1.0,3.0,0.0,0.0,0.0,0.0,0.0,0.0,1.0,1.0,1.0,2.0,2.0,0.0,0.0,0.0,0.0
G,2.0,14.0,8.0,6.0,2.0,14.0,3.0,5.0,0.0,10.0,10.0,9.0,2.0,13.0,2.0,376.0,2.0,9.0,0.0,3.0
H,0.0,0.0,0.0,2.0,4.0,1.0,0.0,0.0,0.0,1.0,0.0,1.0,0.0,0.0,0.0,2.0,12.0,0.0,0.0,0.0
L,2.0,3.0,3.0,1.0,8.0,9.0,0.0,2.0,0.0,7.0,2.0,1.0,2.0,9.0,0.0,9.0,0.0,148.0,0.0,2.0
M,0.0,1.0,1.0,1.0,0.0,0.0,0.0,0.0,0.0,0.0,0.0,1.0,0.0,0.0,0.0,0.0,0.0,0.0,2.0,0.0
I,0.0,1.0,4.0,0.0,1.0,0.0,1.0,2.0,0.0,0.0,2.0,3.0,1.0,4.0,0.0,3.0,0.0,2.0,0.0,18.0
