,M,K,I,A,Y,N,T,C,L,P,G,V,H,F,S,D,E,R,Q,W
M,6.0,0.0,2.0,0.0,0.0,0.0,0.0,0.0,1.0,4.0,1.0,2.0,0.0,0.0,4.0,0.0,0.0,1.0,0.0,0.0
K,0.0,70.0,0.0,0.0,2.0,0.0,9.0,0.0,1.0,3.0,1.0,2.0,2.0,0.0,1.0,0.0,2.0,9.0,6.0,0.0
I,2.0,0.0,208.0,6.0,1.0,1.0,9.0,0.0,10.0,4.0,4.0,15.0,0.0,1.0,29.0,3.0,1.0,5.0,4.0,0.0
A,0.0,0.0,6.0,1548.0,3.0,0.0,56.0,0.0,8.0,11.0,41.0,22.0,2.0,3.0,51.0,10.0,7.0,6.0,21.0,1.0
Y,0.0,2.0,1.0,3.0,1004.0,8.0,3.0,2.0,11.0,7.0,5.0,1.0,10.0,59.0,4.0,8.0,3.0,1.0,0.0,0.0
N,0.0,0.0,1.0,0.0,8.0,488.0,8.0,0.0,0.0,2.0,11.0,1.0,4.0,1.0,18.0,7.0,1.0,9.0,1.0,1.0
T,0.0,9.0,9.0,56.0,3.0,8.0,1086.0,0.0,15.0,10.0,22.0,36.0,2.0,0.0,68.0,2.0,14.0,5.0,10.0,0.0
C,0.0,0.0,0.0,0.0,2.0,0.0,0.0,1354.0,0.0,0.0,1.0,0.0,0.0,0.0,8.0,0.0,0.0,1.0,0.0,0.0
L,1.0,1.0,10.0,8.0,11.0,0.0,15.0,0.0,566.0,21.0,6.0,15.0,1.0,9.0,12.0,2.0,3.0,6.0,33.0,3.0
P,4.0,3.0,4.0,11.0,7.0,2.0,10.0,0.0,21.0,326.0,15.0,1.0,0.0,2.0,20.0,4.0,5.0,6.0,4.0,0.0
G,1.0,1.0,4.0,41.0,5.0,11.0,22.0,1.0,6.0,15.0,1820.0,10.0,3.0,5.0,79.0,22.0,39.0,47.0,18.0,2.0
V,2.0,2.0,15.0,22.0,1.0,1.0,36.0,0.0,15.0,1.0,10.0,146.0,3.0,0.0,13.0,11.0,11.0,5.0,5.0,0.0
H,0.0,2.0,0.0,2.0,10.0,4.0,2.0,0.0,1.0,0.0,3.0,3.0,190.0,3.0,4.0,5.0,0.0,10.0,5.0,1.0
F,0.0,0.0,1.0,3.0,59.0,1.0,0.0,0.0,9.0,2.0,5.0,0.0,3.0,1792.0,4.0,3.0,0.0,0.0,0.0,0.0
S,4.0,1.0,29.0,51.0,4.0,18.0,68.0,8.0,12.0,20.0,79.0,13.0,4.0,4.0,2442.0,16.0,11.0,43.0,14.0,2.0
D,0.0,0.0,3.0,10.0,8.0,7.0,2.0,0.0,2.0,4.0,22.0,11.0,5.0,3.0,16.0,416.0,27.0,4.0,1.0,1.0
E,0.0,2.0,1.0,7.0,3.0,1.0,14.0,0.0,3.0,5.0,39.0,11.0,0.0,0.0,11.0,27.0,808.0,14.0,8.0,2.0
R,1.0,9.0,5.0,6.0,1.0,9.0,5.0,1.0,6.0,6.0,47.0,5.0,10.0,0.0,43.0,4.0,14.0,476.0,14.0,11.0
Q,0.0,6.0,4.0,21.0,0.0,1.0,10.0,0.0,33.0,4.0,18.0,5.0,5.0,0.0,14.0,1.0,8.0,14.0,1010.0,2.0
W,0.0,0.0,0.0,1.0,0.0,1.0,0.0,0.0,3.0,0.0,2.0,0.0,1.0,0.0,2.0,1.0,2.0,11.0,2.0,48.0
