,C,N,V,D,T,R,Y,P,F,L,E,I,G,M,S,W,Q,H,A,K
C,13802.0,1.0,1.0,0.0,2.0,4.0,2.0,0.0,0.0,0.0,0.0,0.0,7.0,0.0,47.0,0.0,0.0,0.0,1.0,0.0
N,1.0,14258.0,227.0,351.0,242.0,115.0,58.0,32.0,5.0,79.0,103.0,36.0,473.0,105.0,355.0,1.0,72.0,84.0,199.0,26.0
V,1.0,227.0,710.0,105.0,320.0,155.0,30.0,83.0,18.0,204.0,59.0,86.0,340.0,101.0,162.0,0.0,134.0,37.0,232.0,13.0
D,0.0,351.0,105.0,1560.0,145.0,48.0,49.0,14.0,10.0,24.0,192.0,6.0,463.0,28.0,395.0,1.0,47.0,125.0,175.0,36.0
T,2.0,242.0,320.0,145.0,1814.0,151.0,25.0,91.0,23.0,181.0,43.0,71.0,364.0,88.0,406.0,2.0,152.0,39.0,282.0,23.0
R,4.0,115.0,155.0,48.0,151.0,10490.0,65.0,101.0,22.0,206.0,51.0,59.0,315.0,48.0,266.0,60.0,299.0,29.0,146.0,44.0
Y,2.0,58.0,30.0,49.0,25.0,65.0,13422.0,47.0,71.0,90.0,53.0,29.0,65.0,12.0,54.0,2.0,35.0,29.0,34.0,18.0
P,0.0,32.0,83.0,14.0,91.0,101.0,47.0,12892.0,71.0,436.0,58.0,135.0,68.0,39.0,98.0,2.0,148.0,24.0,83.0,20.0
F,0.0,5.0,18.0,10.0,23.0,22.0,71.0,71.0,14322.0,171.0,26.0,52.0,30.0,11.0,40.0,2.0,59.0,12.0,31.0,11.0
L,0.0,79.0,204.0,24.0,181.0,206.0,90.0,436.0,171.0,2798.0,125.0,312.0,151.0,99.0,221.0,4.0,430.0,59.0,191.0,30.0
E,0.0,103.0,59.0,192.0,43.0,51.0,53.0,58.0,26.0,125.0,1414.0,35.0,217.0,11.0,152.0,4.0,58.0,41.0,94.0,34.0
I,0.0,36.0,86.0,6.0,71.0,59.0,29.0,135.0,52.0,312.0,35.0,314.0,50.0,36.0,100.0,0.0,103.0,15.0,65.0,10.0
G,7.0,473.0,340.0,463.0,364.0,315.0,65.0,68.0,30.0,151.0,217.0,50.0,3710.0,102.0,910.0,7.0,178.0,112.0,427.0,44.0
M,0.0,105.0,101.0,28.0,88.0,48.0,12.0,39.0,11.0,99.0,11.0,36.0,102.0,44.0,48.0,0.0,48.0,15.0,60.0,5.0
S,47.0,355.0,162.0,395.0,406.0,266.0,54.0,98.0,40.0,221.0,152.0,100.0,910.0,48.0,37854.0,3.0,122.0,96.0,346.0,41.0
W,0.0,1.0,0.0,1.0,2.0,60.0,2.0,2.0,2.0,4.0,4.0,0.0,7.0,0.0,3.0,50.0,10.0,1.0,2.0,2.0
Q,0.0,72.0,134.0,47.0,152.0,299.0,35.0,148.0,59.0,430.0,58.0,103.0,178.0,48.0,122.0,10.0,25596.0,26.0,141.0,28.0
H,0.0,84.0,37.0,125.0,39.0,29.0,29.0,24.0,12.0,59.0,41.0,15.0,112.0,15.0,96.0,1.0,26.0,208.0,48.0,16.0
A,1.0,199.0,232.0,175.0,282.0,146.0,34.0,83.0,31.0,191.0,94.0,65.0,427.0,60.0,346.0,2.0,141.0,48.0,14462.0,22.0
K,0.0,26.0,13.0,36.0,23.0,44.0,18.0,20.0,11.0,30.0,34.0,10.0,44.0,5.0,41.0,2.0,28.0,16.0,22.0,162.0
