,A,C,D,E,F,G,H,I,K,L,M,N,P,Q,R,S,T,V,W,Y
A,1042.0,0.0,4.0,4.0,2.0,20.0,1.0,2.0,0.0,3.0,0.0,0.0,9.0,11.0,3.0,30.0,31.0,11.0,1.0,1.0
C,0.0,874.0,0.0,0.0,0.0,1.0,0.0,0.0,0.0,0.0,0.0,0.0,0.0,0.0,1.0,5.0,0.0,0.0,0.0,2.0
D,4.0,0.0,310.0,6.0,0.0,13.0,3.0,1.0,0.0,1.0,0.0,4.0,0.0,0.0,1.0,8.0,0.0,2.0,1.0,5.0
E,4.0,0.0,6.0,564.0,0.0,24.0,0.0,1.0,0.0,1.0,0.0,1.0,1.0,3.0,8.0,2.0,5.0,5.0,1.0,0.0
F,2.0,0.0,0.0,0.0,1192.0,1.0,0.0,1.0,0.0,5.0,0.0,1.0,0.0,0.0,0.0,4.0,0.0,0.0,0.0,30.0
G,20.0,1.0,13.0,24.0,1.0,1190.0,1.0,1.0,0.0,1.0,0.0,5.0,5.0,7.0,25.0,38.0,3.0,1.0,2.0,3.0
H,1.0,0.0,3.0,0.0,0.0,1.0,94.0,0.0,1.0,1.0,0.0,2.0,0.0,3.0,9.0,3.0,0.0,2.0,1.0,8.0
I,2.0,0.0,1.0,1.0,1.0,1.0,0.0,158.0,0.0,7.0,1.0,0.0,1.0,1.0,3.0,16.0,6.0,6.0,0.0,0.0
K,0.0,0.0,0.0,0.0,0.0,0.0,1.0,0.0,50.0,1.0,0.0,0.0,1.0,3.0,4.0,0.0,7.0,1.0,0.0,1.0
L,3.0,0.0,1.0,1.0,5.0,1.0,1.0,7.0,1.0,388.0,1.0,0.0,7.0,15.0,5.0,6.0,8.0,4.0,1.0,7.0
M,0.0,0.0,0.0,0.0,0.0,0.0,0.0,1.0,0.0,1.0,6.0,0.0,1.0,0.0,1.0,0.0,0.0,1.0,0.0,0.0
N,0.0,0.0,4.0,1.0,1.0,5.0,2.0,0.0,0.0,0.0,0.0,352.0,2.0,0.0,7.0,12.0,3.0,0.0,1.0,4.0
P,9.0,0.0,0.0,1.0,0.0,5.0,0.0,1.0,1.0,7.0,1.0,2.0,168.0,3.0,1.0,11.0,2.0,0.0,0.0,1.0
Q,11.0,0.0,0.0,3.0,0.0,7.0,3.0,1.0,3.0,15.0,0.0,0.0,3.0,588.0,10.0,10.0,4.0,2.0,2.0,0.0
R,3.0,1.0,1.0,8.0,0.0,25.0,9.0,3.0,4.0,5.0,1.0,7.0,1.0,10.0,372.0,24.0,1.0,2.0,8.0,1.0
S,30.0,5.0,8.0,2.0,4.0,38.0,3.0,16.0,0.0,6.0,0.0,12.0,11.0,10.0,24.0,1604.0,35.0,11.0,1.0,1.0
T,31.0,0.0,0.0,5.0,0.0,3.0,0.0,6.0,7.0,8.0,0.0,3.0,2.0,4.0,1.0,35.0,776.0,15.0,0.0,1.0
V,11.0,0.0,2.0,5.0,0.0,1.0,2.0,6.0,1.0,4.0,1.0,0.0,0.0,2.0,2.0,11.0,15.0,126.0,0.0,0.0
W,1.0,0.0,1.0,1.0,0.0,2.0,1.0,0.0,0.0,1.0,0.0,1.0,0.0,2.0,8.0,1.0,0.0,0.0,38.0,0.0
Y,1.0,2.0,5.0,0.0,30.0,3.0,8.0,0.0,1.0,7.0,0.0,4.0,1.0,0.0,1.0,1.0,1.0,0.0,0.0,626.0
