va_reps	vb_reps	cdr3a	cdr3b	LLLGIGILV_A_nbrdist5	LLLGIGILV_A_wtd_nbrdist5	LLLGIGILV_A_nbrdist10	LLLGIGILV_A_wtd_nbrdist10	LLLGIGILV_A_nbrdist25	LLLGIGILV_A_wtd_nbrdist25
TRAV38-2/DV8*01		CAYSPPGGNMLTF	n	95.546	88.546	107.743	99.697	122.432	114.673
TRAV25*01		CAGPPRSSGSARQLTF	n	131.808	122.061	142.522	134.500	154.282	147.889
TRAV9-2*01		CALSDPLKGAQKLVF	n	123.731	119.204	129.171	125.140	136.579	132.565
TRAV6*01		CALSLYGNNRLAF	n	104.336	99.919	110.820	106.219	119.593	114.870
TRAV9-2*01		CALSENRYSGAGSYQLTF	n	139.720	132.000	149.527	142.127	162.568	155.764
TRAV8-2*01		CVVTFSGGYNKLIF	n	106.204	102.260	114.611	109.038	125.139	119.814
TRAV13-1*01		CAATSTSALIF	n	88.183	84.870	92.881	89.482	100.792	96.445
TRAV38-2/DV8*01		CAYRWNNNNDMRF	n	93.403	85.030	110.572	99.187	131.109	120.356
TRAV40*01		CLLPPWGRVNRKLTF	n	139.884	138.115	143.154	140.995	148.105	145.528
TRAV35*01		CAGIGTASKLTF	n	106.095	100.216	112.578	107.723	120.920	116.284
TRAV8-2*01		CVVSSSNFGNEKLTF	n	76.755	75.332	82.936	78.967	111.655	98.056
TRAV6*01		CALGLIWNNNARLMF	n	130.324	126.220	136.588	132.260	143.897	139.903
TRAV40*01		CLLAQGGSEKLVF	n	110.160	106.193	114.199	111.011	120.735	117.183
TRAV12-1*01		CVVKTEPDNYGQNFVF	n	99.501	95.590	106.644	101.968	117.027	111.584
TRAV26-1*01		CIVRFPILTGGGNKLTF	n	126.753	116.940	140.297	130.836	153.521	146.219
TRAV1-2*01		CADRDKIIF	n	58.899	52.855	76.206	65.427	96.486	85.753
TRAV14/DV4*01		CALGERGFHFWGKYTDKLIF	n	148.016	138.214	162.960	152.826	177.106	169.423
TRAV29/DV5*01		CAAEDQFYF	n	83.788	78.618	91.617	86.188	103.782	97.233
TRAV21*01		CAGPALYVIQGAQKLVF	n	125.764	119.918	132.879	127.710	141.559	136.942
TRAV1-2*01		CAVKEGFQKLVF	n	70.382	64.113	84.832	75.721	101.879	92.899
TRAV2*01		CACDTVVLGDTGRRTDKLIF	n	169.883	160.752	178.509	171.696	188.078	182.756
TRAV38-1*01		CAFIKPNTGNQFYF	n	104.117	95.326	117.715	108.288	137.383	127.319
TRAV35*01		CAGQLSLGSQGNLIF	n	134.280	130.572	141.835	136.784	151.422	146.402
TRAV17*01		CASFSIIQGAQKLVF	n	98.183	91.018	112.853	103.452	127.662	119.771
TRAV12-2*01,TRAV12-2*03		CAPWALDSNYQLIW	n	71.481	68.008	76.096	72.812	83.622	79.567
TRAV2*01		CACDTVGGQDWGIQLYTDKLIF	n	186.641	177.482	195.047	188.393	204.433	199.170
TRAV5*01		CVESIEGSGYSTLTF	n	104.446	101.611	112.523	107.370	123.508	117.778
TRAV14/DV4*02,TRAV14/DV4*01		CATYQAGTALIF	n	95.381	87.227	108.073	99.141	123.182	115.224
TRAV12-1*01		CVVYNQGGKLIF	n	62.964	60.695	67.305	64.272	77.119	72.042
TRAV26-2*01		CILRKEEGTGNQFYF	n	121.918	113.006	133.731	125.309	148.812	140.931
TRAV26-1*01		CIVAMEYGNKLVF	n	110.930	104.996	116.808	112.241	125.694	120.730
TRAV13-2*01		CAENPSYGGSQGNLIF	n	111.534	103.611	121.451	114.339	134.524	127.530
TRAV12-1*01		CVAKAGGFKTIF	n	61.921	56.630	70.080	64.578	80.240	74.685
TRAV21*01		CAVKDRDDKIIF	n	87.909	78.876	99.804	91.240	111.742	105.290
TRAV12-1*01		CVVNILGEYGNKLVF	n	70.492	65.728	78.651	73.295	88.863	83.241
TRAV19*01		CALSEAPDAGNMLTF	n	119.720	114.874	128.072	122.527	139.874	133.653
TRAV1-1*01		CAVKRTGAGSYQLTF	n	97.194	90.167	113.677	103.277	130.043	121.376
TRAV29/DV5*01		CAAVTKGGGADGLTF	n	93.183	88.409	100.628	95.229	118.626	109.342
TRAV12-1*01		CVVNGSGAGSYQLTF	n	77.030	74.667	81.947	78.450	92.191	86.985
TRAV16*01		CALTLTLRGSSNTGKLIF	n	144.170	139.000	150.571	145.746	160.317	155.152
TRAV12-3*01		CAMTQTNFGNEKLTF	n	33.845	30.114	47.800	39.236	81.958	64.873
TRAV21*01		CAPSRRSNAGKSTF	n	103.293	96.122	114.556	106.905	127.227	120.340
TRAV8-4*01		CAVTSYNQGGKLIF	n	119.006	114.270	125.352	120.766	134.850	129.758
TRAV26-1*01		CFLSGAGSYQLTF	n	106.150	97.397	115.105	108.284	126.292	120.283
TRAV13-2*01		CADPSGGYQKVTF	n	84.282	78.678	93.046	86.974	106.751	99.497
TRAV1-2*01		CAVGSPGGFKTIF	n	86.150	82.672	100.078	91.814	116.516	107.987
TRAV22*01		CAGRDRGSTLGRLYF	n	124.006	120.665	128.896	125.288	137.133	132.830
TRAV39*01		CAVDRSPTNKLVF	n	114.940	111.633	119.775	116.370	127.379	123.364
TRAV25*01		CAGPGNSGNTPLVF	n	105.930	98.809	118.869	110.331	133.056	125.487
TRAV21*01		CARTPNSGYALNF	n	101.809	93.925	109.611	103.583	118.136	113.388
TRAV8-3*01		CAVKGNNRLAF	n	93.238	86.969	103.375	96.444	115.298	108.811
TRAV14/DV4*01		CAMREGLTNQGGKLIF	n	104.227	93.161	120.352	109.045	138.764	129.040
TRAV8-3*01		CAVGTANFGNEKLTF	n	91.425	88.535	96.562	92.922	119.746	108.107
TRAV21*01		CAVAFKREGNNRLAF	n	110.820	103.595	118.429	112.716	126.401	121.841
TRAV14/DV4*01		CALGEREGGANSKLTF	n	111.754	103.974	126.231	116.451	142.396	133.869
TRAV12-2*01,TRAV12-2*03		CAVRRGGNKLVF	n	39.724	36.949	43.322	40.676	51.206	47.038
TRAV20*01		CAVGSGLSF	n	84.282	80.239	89.969	85.942	101.053	95.139
TRAV17*01		CATRPQAGETSGSRLTF	n	114.556	106.056	131.286	120.491	147.420	138.728
TRAV12-1*01		CVVGKGSNYQLIW	n	65.767	61.679	71.893	67.644	79.990	75.581
TRAV17*01		CATAISGYSTLTF	n	76.535	63.239	97.221	83.293	116.483	106.072
TRAV12-1*01		CVVNNNNNDMRF	n	60.712	56.531	68.541	63.338	79.131	73.517
TRAV8-2*01		CVVTKTSYDKVIF	n	111.039	104.150	118.759	112.920	129.282	123.540
TRAV5*01		CAERALMTTDSWGKLQF	n	119.830	113.539	129.116	122.549	141.700	135.095
TRAV16*01		CALLPYKYIF	n	93.842	85.920	102.221	95.898	113.102	107.051
TRAV4*01		CLVTGKLIF	n	92.853	87.683	99.694	94.837	109.557	104.341
TRAV19*01		CALSEAWGQNFVF	n	116.479	112.633	124.995	119.377	137.318	130.984
TRAV14/DV4*01		CAMRDGGGANSKLTF	n	95.326	86.354	111.891	100.899	130.413	120.824
TRAV8-6*01		CAGAQGGSEKLVF	n	100.930	96.710	106.699	102.659	114.298	110.197
TRAV10*01		CVVSGDNAGNMLTF	n	97.578	86.392	111.644	101.617	126.868	118.424
TRAV26-1*01		CIVLRADRGSTLGRLYF	n	145.049	136.242	155.681	147.982	166.820	160.745
TRAV23/DV6*01		CAPTQGGYNKLIF	n	81.700	76.783	91.755	85.318	105.120	98.141
TRAV38-1*01		CAFMLPWRGTYKYIF	n	113.347	106.001	131.506	120.466	147.823	139.113
TRAV20*01		CAGHTGGGNKLTF	n	83.898	76.892	93.980	87.024	104.989	98.898
TRAV16*01		CALSLDYGGSQGNLIF	n	122.687	113.589	134.995	126.333	146.539	140.110
TRAV2*01		CACDTERPTKLLGDIGAADKLIF	n	189.773	180.894	198.179	191.642	206.760	201.909
TRAV14/DV4*02,TRAV14/DV4*01		CAIGTGNQFYF	n	87.963	83.096	99.447	92.083	113.069	105.842
TRAV16*01		CALTGANYGGSQGNLIF	n	129.445	119.715	142.851	133.510	154.543	148.036
TRAV4*01		CLVGDALDDYKLSF	n	115.710	107.479	124.363	117.840	134.328	128.648
TRAV5*01		CAESIPYSSASKIIF	n	109.062	103.485	117.633	111.827	127.455	122.144
TRAV40*01		CLLGLNRVNRKLTF	n	126.094	124.308	130.215	127.505	135.687	132.810
TRAV8-4*01		CAVNRAGGFKTIF	n	114.171	109.040	122.577	116.820	133.088	127.517
TRAV8-4*06,TRAV8-4*01		CAVSGGTGTASKLTF	n	107.798	99.430	118.786	110.914	131.218	124.463
TRAV6*01		CALLISGGYQKVTF	n	114.116	108.111	120.490	115.584	130.457	124.919
TRAV10*01		CVVTPIGGTYKYIF	n	116.918	106.001	128.704	119.778	141.526	134.381
TRAV20*01		CAVGSSNYKLTF	n	89.282	84.431	94.996	90.635	106.109	100.365
TRAV38-2/DV8*01		CAYSGSTSGSRLTF	n	94.117	86.095	110.710	99.954	127.423	118.625
TRAV19*01		CALITSWGKLQF	n	109.171	104.677	115.819	111.134	125.117	120.251
TRAV1-1*02,TRAV1-1*01		CAGPNSGYALNF	n	82.744	73.854	96.315	86.929	111.057	103.084
TRAV13-1*01		CAASAQGGKLIF	n	77.634	72.123	84.722	79.580	95.540	90.024
TRAV26-1*01		CIVRDHSTDSWGKLQF	n	128.401	119.693	139.115	131.339	151.531	144.616
TRAV20*01		CAGYYGNNRLAF	n	91.919	85.156	99.749	94.045	108.056	103.427
TRAV39*01		CAAMNYGGSQGNLIF	n	131.258	123.121	140.242	133.532	149.160	144.222
TRAV13-1*01		CAAGGTALIF	n	77.964	74.695	82.030	79.119	91.038	86.187
TRAV21*01		CAVRPWAGGGNKLTF	n	102.688	95.606	111.644	105.307	122.007	116.431
TRAV14/DV4*01		CALGEPAADNAGNMLTF	n	121.479	112.495	134.225	125.368	150.367	141.806
TRAV17*01		CATAIFYRVNRKLTF	n	104.886	98.990	118.072	109.842	131.490	124.330
TRAV38-2/DV8*01		CAYRSAREGAQKLVF	n	85.711	72.585	109.996	94.159	130.424	119.334
TRAV21*01		CAAKVRDSNYQLIW	n	105.875	98.941	115.765	108.805	126.368	120.702
TRAV35*01		CAGHSLNSNSGYALNF	n	138.786	131.335	148.346	141.512	157.968	152.731
TRAV8-3*01		CAATGNQFYF	n	99.117	95.298	106.781	101.563	118.745	112.517
TRAV13-1*01		CAASQGTGANNLFF	n	80.766	76.189	89.447	83.685	99.955	94.211
TRAV30*01		CGTEIAGGSQGNLIF	n	125.215	116.660	135.709	128.175	146.539	140.582
TRAV9-2*01		CASYKGAQKLVF	n	106.644	103.408	110.600	107.782	116.723	113.406
TRAV13-2*01		CAGGSNWNAGNMLTF	n	101.095	95.633	109.446	103.566	121.485	115.183
TRAV14/DV4*01		CAMREGPEYGNKLVF	n	95.930	85.733	109.419	99.900	124.791	116.312
TRAV26-2*01		CILRDGRGGGSNYKLTF	n	131.753	123.088	140.736	133.741	153.194	146.583
TRAV41*01		CAVARSARLMF	n	100.545	97.095	105.380	101.943	113.384	109.063
TRAV38-2/DV8*01		CAYRSARGGSRLTF	n	84.172	73.255	106.781	92.310	127.629	116.534
TRAV12-1*01		CVVNPLPNQTGANNLFF	n	90.436	83.749	99.227	92.990	109.665	104.058
TRAV13-1*01		CAGNTGFQKLVF	n	74.612	69.547	81.563	76.659	91.408	86.104
TRAV38-2/DV8*01		CAYIHPNSGGSNYKLTF	n	113.182	103.891	133.758	120.588	153.531	143.256
TRAV1-2*01		CAWDTGGFKTIF	n	75.656	71.382	92.798	82.966	109.480	100.596
TRAV9-2*01		CALSDRNSGNTPLVF	n	125.764	121.468	130.901	126.957	139.493	134.861
TRAV13-2*01		CAERPGQKLLF	n	79.887	75.876	86.095	81.672	96.301	90.853
TRAV8-3*01		CAVAQFTSYGKLTF	n	112.798	106.221	121.588	115.133	135.122	128.050
TRAV21*01		CAALNAGKSTF	n	94.612	88.562	102.166	96.690	112.079	106.533
TRAV8-4*01		CAVSPMGGGFKTIF	n	118.677	113.325	127.770	121.581	138.297	132.686
TRAV17*01		CATGARGYSTLTF	n	74.338	62.794	96.260	81.992	116.712	105.709
TRAV20*01		CASSSNTGKLIF	n	91.040	85.903	98.705	93.313	110.459	104.272
TRAV12-3*01		CAMPHLPLAGGTSYGKLTF	n	115.929	110.397	124.748	119.020	140.091	131.817
TRAV38-1*01		CAFMKDQGSGDKLTF	n	100.655	93.024	116.644	106.130	135.687	125.853
TRAV8-4*01		CAVKGGYNKLIF	n	98.897	94.150	104.584	100.314	113.732	108.961
TRAV29/DV5*01		CAVNYGQNFVF	n	82.909	75.338	92.826	85.728	105.968	98.801
TRAV21*01		CAVETGTASKLTF	n	90.711	84.579	99.282	93.355	108.045	103.300
TRAV12-1*01		CVVKYRGSTLGRLYF	n	91.919	88.738	96.727	93.228	104.185	100.021
TRAV26-1*01		CIVRDNQAGTALIF	n	115.160	107.336	126.231	118.209	139.797	132.666
TRAV8-3*01		CAVGYRNNNARLMF	n	115.819	108.996	127.083	119.571	138.503	132.239
TRAV17*01		CATAYMDTGRRALTF	n	99.886	95.529	119.720	108.277	138.395	128.713
TRAV8-2*01		CVVSGGGTGFQKLVF	n	110.105	104.402	116.589	111.693	125.715	120.800
TRAV17*01		CATVPSGGYQKVTF	n	89.337	82.804	105.353	95.206	122.649	113.763
TRAV1-2*01		CAVDNAGNMLTF	n	72.250	68.063	88.348	78.901	104.326	95.919
TRAV13-1*01		CAARPTGGGNKLTF	n	83.733	79.206	92.991	87.039	104.261	98.318
TRAV17*01		CATDPQEGGYNKLIF	n	87.029	79.755	105.270	93.972	124.160	114.126
TRAV13-1*01		CAISGGGADGLTF	n	56.866	52.333	64.393	58.827	86.688	76.210
TRAV12-3*01		CAMSAATSGTYKYIF	n	83.678	81.799	90.930	86.080	108.752	99.942
TRAV13-1*01		CAASSGGGSNYKLTF	n	93.458	87.359	100.848	95.372	110.568	105.381
TRAV22*01		CAVAGWVTGTASKLTF	n	125.489	121.940	130.627	127.100	137.101	133.531
TRAV1-1*01		CAVRRYNFNKFYF	n	103.622	97.930	112.660	106.643	122.421	117.008
TRAV9-1*01		CALTRYGNKLVF	n	107.303	104.803	110.765	108.187	117.516	113.967
TRAV1-2*01		CAVAGGNFNKFYF	n	89.337	84.134	99.062	92.784	112.264	105.311
TRAV8-2*01		CVVSDRAGGGADGLTF	n	107.084	101.628	115.929	109.755	134.893	125.037
TRAV5*01		CAEIPIGFGNVLHC	n	88.348	84.123	97.908	91.105	113.765	105.801
TRAV20*01		CAVQAVYTGNQFYF	n	101.809	95.287	112.825	105.204	128.217	120.384
TRAV38-2/DV8*01		CAYRSADRGSTLGRLYF	n	106.589	97.095	130.242	115.235	154.282	141.615
TRAV1-2*01		CAAPLYGNKLVF	n	74.887	67.959	89.090	80.277	102.684	95.259
TRAV40*01		CLGSCVNRKLTF	n	115.215	113.056	118.979	116.462	124.150	121.326
TRAV29/DV5*01		CAASPKTFSQGAQKLVF	n	108.512	101.089	117.550	110.893	131.381	123.991
TRAV38-2/DV8*01		CAYRSRLGGSQGNLIF	n	100.490	90.513	123.402	108.284	148.334	135.447
TRAV21*01		CAVSSYNAGNMLTF	n	93.568	86.425	102.276	95.803	115.026	108.151
TRAV5*01		CAESTGDSNYQLIW	n	92.634	84.848	102.853	95.527	113.623	107.868
TRAV12-2*01,TRAV12-2*03		CAVKSGGYQKVTF	n	44.723	39.729	54.366	48.012	65.288	59.401
TRAV1-2*01		CAALSHSGNTPLVF	n	90.711	83.244	108.622	97.232	125.346	116.572
TRAV21*01		CAVNPDTGRRALTF	n	101.315	93.062	112.605	104.830	123.584	117.394
TRAV39*01		CAVISGNTPLVF	n	116.808	113.188	121.781	118.250	127.477	124.324
TRAV1-1*01		CAVRPPSGATNKLIF	n	109.776	103.710	120.325	113.236	131.783	125.677
TRAV8-6*01		CAVSDRPGANNLFF	n	108.732	103.397	117.358	111.511	128.195	122.430
TRAV19*01		CALNPFESGGSNYKLTF	n	137.027	131.517	145.489	139.669	156.435	150.722
TRAV19*01		CALTTSNDYKLSF	n	111.589	106.474	118.924	113.747	128.934	123.659
TRAV12-2*01		CAVNMEDNQGGKLIF	n	69.283	67.272	73.514	70.683	82.034	77.524
TRAV24*01		CAFILSDGQKLLF	n	107.468	101.238	114.666	109.371	123.095	118.491
TRAV13-1*01		CAASPLYNQGGKLIF	n	97.578	91.672	106.479	100.341	117.473	111.609
TRAV13-1*01		CAAEANTGNQFYF	n	88.128	83.447	95.903	90.463	107.730	101.602
TRAV34*01		CGADGPIQGAQKLVF	n	124.830	121.863	129.885	126.425	138.210	133.826
TRAV26-1*01		CIVRSSWGKLQF	n	105.600	99.309	112.276	107.185	122.627	117.113
TRAV23/DV6*01		CAASGDFGNEKLTF	n	78.788	76.118	86.288	81.479	102.195	93.938
TRAV3*01		CAVRDTEYGNKLVF	n	107.358	97.342	115.572	108.842	123.997	118.987
TRAV4*01		CLVGSPDSSNTGKLIF	n	129.720	121.501	140.104	132.748	151.476	145.320
TRAV10*01		CVPQHNAGKSTF	n	105.380	96.232	117.330	108.845	130.119	123.077
TRAV26-1*01		CIVRVAGGRGDKIIF	n	121.479	111.446	132.165	124.134	144.267	137.639
TRAV13-1*01		CAAMGLVGGSNYKLTF	n	110.710	105.358	117.990	112.813	127.325	122.210
TRAV8-4*01		CAGALSGGHNKLIF	n	109.556	105.205	116.314	111.620	126.335	120.891
TRAV9-2*01		CAIFPSGGYNKLIF	n	115.105	111.583	121.479	117.228	130.022	125.587
TRAV14/DV4*02,TRAV14/DV4*01		CAMGSFGNVLHC	n	94.776	90.870	102.441	97.300	114.015	107.731
TRAV1-2*01		CALEGGFKTIF	n	76.206	70.420	89.502	81.080	104.228	96.434
TRAV29/DV5*01		CAASAMYGGSQGNLIF	n	106.150	99.045	121.616	111.904	136.927	128.848
TRAV12-2*01,TRAV12-2*03		CAVLRQEGGFKTIF	n	72.415	67.195	77.964	73.922	85.101	81.139
TRAV8-6*01		CAVTSKRGGGSYIPTF	n	132.192	122.748	143.456	135.226	156.631	149.465
TRAV13-1*01		CAASQPGSARQLTF	n	98.348	92.134	105.985	100.385	115.146	110.127
TRAV27*01		CAGDGETNAGKSTF	n	109.116	101.573	122.770	113.816	136.622	129.204
TRAV9-2*01		CALSEESGAGSYQLTF	n	127.193	120.292	136.423	129.676	148.051	141.882
TRAV8-1*01		CAVNVITGGGNKLTF	n	110.875	102.743	120.132	113.289	131.250	125.174
TRAV39*01		CAVPQGVNNNDMRF	n	125.984	120.726	132.137	127.632	140.080	135.860
TRAV8-6*01		CAVRVFRGGYNKLIF	n	112.138	106.237	121.506	115.155	132.207	126.510
TRAV8-4*01		CAVSGARNDMRF	n	109.446	104.216	117.495	112.045	127.010	121.730
TRAV2*01		CASDLGGGYQKVTF	n	108.402	100.848	118.759	111.540	131.751	124.806
TRAV1-1*02,TRAV1-1*01		CAVLNSGNTPLVF	n	89.667	80.217	103.924	94.364	116.755	109.683
TRAV24*01		CALPGGAGSYQLTF	n	109.062	102.496	115.298	110.307	125.574	120.200
TRAV1-1*02,TRAV1-1*01		CAGLNNAGNMLTF	n	88.843	85.617	99.749	92.931	113.047	106.055
TRAV8-4*01		CAVDSSYKLIF	n	100.545	96.914	106.424	102.426	116.168	110.822
TRAV8-4*01		CAVRSNFGNEKLTF	n	99.666	97.161	104.666	101.160	118.810	111.065
TRAV1-2*01		CAAGEGGANNLFF	n	81.590	78.217	89.886	84.612	103.021	96.151
TRAV3*01		CAVSSNAGNNRKLIW	n	114.336	105.413	124.253	116.970	133.947	128.460
TRAV26-1*01		CIVRRGSARQLTF	n	110.655	102.331	120.462	113.379	130.283	124.760
TRAV26-2*01		CILRDRGGSNYKLTF	n	116.259	107.869	127.000	119.061	139.710	132.843
TRAV9-2*01,TRAV13-2*01,TRAV9-1*01		CALGEDLPTSRWWWGTSTAQLFF	n	176.531	171.548	184.718	179.012	195.310	189.665
TRAV22*01		CAVFHSTDSWGKLQF	n	120.709	118.495	126.121	122.696	133.447	129.633
TRAV12-1*01		CVVGGGFQKLVF	n	45.932	41.691	52.498	48.100	63.385	57.370
TRAV9-2*01		CALTAGNKLTF	n	93.623	91.046	99.089	95.458	107.697	103.095
TRAV26-1*01		CIVRSRGTSYGKLTF	n	117.688	110.133	128.731	121.152	141.526	134.512
TRAV19*01		CALTYNFNKFYF	n	115.874	111.605	121.259	117.461	128.662	124.486
TRAV21*01		CAPETGANNLFF	n	85.381	78.563	93.046	87.373	103.173	97.872
TRAV41*01		CAVTLQGGSEKLVF	n	108.127	105.886	112.798	109.724	119.550	115.871
TRAV3*01		CAVRTPFQKLVF	n	102.358	93.908	110.710	104.118	119.833	114.784
TRAV8-4*06,TRAV8-4*01		CAVSRLRDSGAGSYQLTF	n	140.159	132.006	151.615	143.554	163.807	157.016
TRAV12-3*01		CASLRGSARQLTF	n	75.491	71.058	83.513	77.970	94.420	88.741
TRAV26-2*01		CILRTGGTSYGKLTF	n	117.083	110.029	127.110	120.061	138.373	132.176
TRAV13-1*01		CAASNPSWKSQGNLIF	n	115.380	108.622	123.621	117.723	133.675	128.099
TRAV24*01		CAPGTHGQKLLF	n	102.688	97.677	108.649	104.221	116.897	112.473
TRAV5*01		CAEGTGANNLFF	n	74.777	69.849	83.650	77.723	95.225	88.960
TRAV20*01		CAVQGGVDYSGAGSYQLTF	n	133.072	121.885	146.120	136.508	159.229	152.130
TRAV8-4*01		CAVSTSSNTGKLIF	n	110.160	103.089	119.418	112.743	130.728	124.471
TRAV9-2*01		CALKLSGAGSYQLTF	n	118.237	113.413	127.715	121.517	139.439	133.283
TRAV13-2*01		CAENDSDYKLSF	n	86.480	82.172	92.798	88.495	102.271	97.161
TRAV29/DV5*01		CAASDWYGGSQGNLIF	n	104.666	96.875	120.242	110.227	136.883	128.252
TRAV16*01		CALSDGSSNTGKLIF	n	112.138	106.419	120.105	114.481	130.141	124.765
TRAV38-2/DV8*01		CAYRVSGEGNKLVF	n	84.063	75.838	103.100	90.895	122.812	112.484
TRAV25*01		CAGPNSGGYQKVTF	n	113.402	105.644	122.550	115.742	133.730	127.704
TRAV13-1*01		CAASKSDYKLSF	n	78.843	73.546	87.139	81.442	96.432	91.534
TRAV8-3*01		CAAATGGTSYGKLTF	n	111.809	105.265	122.193	115.056	135.818	128.468
TRAV35*01		CAGQDAGNMLTF	n	104.172	98.573	112.083	106.512	121.975	116.710
TRAV29/DV5*01		CAAQTNYGGSQGNLIF	n	109.116	101.908	123.649	114.146	139.526	131.134
TRAV26-1*01		CIVNKDSNYQLIW	n	108.897	102.315	119.611	112.423	131.794	125.270
TRAV25*01		CAVTTSGTYKYIF	n	106.754	98.414	118.017	110.162	130.718	123.717
TRAV25*01		CAVFNSGYALNF	n	98.732	89.996	108.375	101.150	121.507	114.382
TRAV12-1*01		CVVNVNHGQNFVF	n	71.371	66.272	78.953	73.723	89.679	83.966
TRAV35*01		CAGPFSGTYKYIF	n	118.072	113.375	125.956	120.647	136.416	130.839
TRAV1-2*01		CAVSKTDSWGKFQF	n	93.293	88.887	109.034	99.497	126.085	117.179
TRAV5*01		CAESPLTTDSWGKLQF	n	108.457	103.699	117.275	111.440	130.228	123.378
TRAV13-1*01		CAASIESGDMRF	n	89.557	84.359	97.908	92.226	107.577	102.165
TRAV8-3*01		CAGEGGSNYKLTF	n	105.106	98.870	113.594	107.561	122.453	117.714
TRAV21*01		CAVRLLGSNYKLTF	n	104.446	96.326	112.798	106.409	121.736	116.819
TRAV29/DV5*01		CAAIGNRDDKIIF	n	92.798	86.436	101.287	95.168	113.015	106.734
TRAV24*01		CAFLRFGNVLHC	n	102.798	97.210	109.501	104.425	119.985	114.545
TRAV12-3*01		CAMSENTNSGYALNF	n	89.996	86.150	96.672	92.000	110.209	103.130
TRAV16*01		CAPPGAAGNKLTF	n	95.106	88.848	102.523	97.045	112.906	107.225
TRAV22*01		CAVPPRPDSWGKLQF	n	116.973	112.902	123.731	119.079	133.414	128.267
TRAV14/DV4*01		CAMREGKGKLTF	n	85.161	77.112	98.128	89.378	113.210	105.158
TRAV6*01		CALDKDSNYQLIW	n	113.457	109.029	119.171	114.947	129.554	124.065
TRAV14/DV4*01		CAMRELTGGGNKLTF	n	92.634	84.573	108.320	97.853	127.477	117.530
TRAV8-3*01		CAVARPGNNRKLIW	n	115.215	108.523	125.242	118.375	136.100	130.254
TRAV12-2*01		CAVNKEGGSQGNLIF	n	74.393	69.975	79.173	75.586	87.667	83.043
TRAV30*01		CGTVMTTDSWGKLQF	n	124.116	117.583	132.550	126.302	143.549	137.800
TRAV9-2*01		CALSDHNTDKLIF	n	111.094	106.688	117.550	113.013	125.889	121.377
TRAV21*01		CAVSTGGFKTIF	n	85.381	76.898	95.903	88.318	107.186	100.884
TRAV21*01		CGIMRTGANNLFF	n	94.721	86.606	104.364	97.388	114.298	108.907
TRAV4*01		CLVGLNNQGGKLIF	n	114.556	108.248	122.907	116.976	133.208	127.640
TRAV14/DV4*01		CALGELSSNQGGKLIF	n	114.831	105.798	128.456	119.129	143.408	135.467
TRAV38-1*01,TRAV38-1*03,TRAV38-1*02		CGNYGGATNKLIF	n	91.425	83.760	104.941	95.946	118.147	111.039
TRAV13-1*01		CAATVYSTDKLIF	n	91.260	85.766	97.826	93.066	105.914	101.438
TRAV12-1*01		CVVNKDTDKLIF	n	60.822	58.580	65.602	62.325	74.520	69.909
TRAV20*01		CAVMAGGTSYGKLTF	n	103.677	95.232	114.144	106.637	126.324	119.520
TRAV17*01		CATAHNAGNNRKLIW	n	100.820	95.172	115.765	106.603	130.261	122.637
TRAV17*01		CATDSMDTGRRALTF	n	94.941	89.271	116.204	103.746	136.535	125.998
TRAV29/DV5*01		CAASVLGNQFYF	n	85.326	80.898	92.881	87.810	106.740	99.450
TRAV36/DV7*01		CAVEGPPSNFGNEKLTF	n	110.490	107.034	114.006	111.175	133.512	123.928
TRAV21*01		CAVETNAGGTSYGKLTF	n	114.776	106.924	126.451	118.484	140.211	132.751
TRAV4*01		CSINSGYALNF	n	107.029	103.018	112.276	108.547	119.778	115.643
TRAV8-4*01		CAVRPANSGYALNF	n	119.720	114.732	128.099	122.459	138.754	133.133
TRAV5*01		CADLFSGYSTLTF	n	92.853	87.491	102.304	95.882	114.232	108.048
TRAV41*01		CAVPSTGANSKLTF	n	115.380	111.671	120.352	116.725	127.771	123.815
TRAV1-1*02,TRAV1-1*01		CAVYSGNTPLVF	n	92.084	85.898	103.183	95.994	113.710	107.942
TRAV9-2*01		CALGSKNRDDKIIF	n	121.588	116.935	128.511	123.700	136.851	132.255
TRAV38-1*01,TRAV38-1*03,TRAV38-1*02		CAGSQGNLIF	n	91.150	82.420	103.347	94.981	116.244	109.076
TRAV29/DV5*01		CAANTPGTYKYIF	n	95.326	88.529	105.106	98.208	117.777	111.047
TRAV20*01		CAVQSYSGGSNYKLTF	n	120.270	112.375	129.088	122.461	139.591	133.838
TRAV10*01		CVVSVEGGSQGNLIF	n	118.841	108.259	132.742	122.938	146.442	139.100
TRAV3*01		CALLGGANNLFF	n	93.952	89.233	101.150	96.167	112.580	106.766
TRAV35*01		CAGLDIGFGNVLHC	n	113.237	110.243	120.902	115.780	134.491	127.409
TRAV21*01		CAVSATDKLIF	n	80.326	72.992	89.145	82.776	99.172	93.648
TRAV5*01		CAESKAAEIYNQGGKLIF	n	124.940	119.067	133.923	127.743	145.365	139.238
TRAV26-1*01		CIVRVAGGGTSYGKLTF	n	128.676	117.341	142.796	132.781	156.435	148.881
TRAV29/DV5*01		CAASAVGANNLFF	n	87.139	80.733	96.315	89.855	108.958	102.203
TRAV8-6*01		CAVSDESNDYKLSF	n	103.073	94.952	114.363	106.413	127.716	120.626
TRAV30*01		CGTDPLPDFGNEKLTF	n	116.314	113.512	122.495	118.423	136.035	128.706
TRAV21*01		CAVDLAGGTSYGKLTF	n	109.336	100.567	120.380	112.574	132.816	125.892
TRAV19*01		CALNSGSARQLTF	n	114.391	109.858	119.281	115.548	126.466	122.593
TRAV17*01		CATPSNTNAGKSTF	n	96.150	93.172	109.666	101.205	128.858	119.242
TRAV39*01		CAVAMFSGGYNKLIF	n	124.830	122.533	130.050	126.708	138.090	133.786
TRAV8-1*01		CAVNGAGDMRF	n	99.611	94.771	107.413	101.836	119.256	113.044
TRAV16*01		CAPDSSASKIIF	n	101.095	94.787	108.787	103.132	118.017	113.036
TRAV8-1*01		CAVTALYGNNRLAF	n	109.941	103.314	119.198	112.654	129.250	123.763
TRAV2*01		CAVGPDSSYKLIF	n	106.644	98.914	115.545	108.956	125.770	120.247
TRAV26-1*01		CIVRVLGRDDKIIF	n	115.215	106.479	127.248	118.795	140.830	133.555
TRAV34*01		CGADFATNAGKSTF	n	121.863	113.237	132.275	124.757	143.658	137.319
TRAV13-1*01		CAASDAAGFQKLVF	n	87.029	80.579	95.408	89.423	104.674	99.393
TRAV3*01		CAVRDLGNNRLAF	n	102.743	91.244	111.644	104.234	122.018	116.098
TRAV26-1*01		CIVRVLGFGNVLHC	n	103.897	97.480	116.067	107.564	133.447	124.500
TRAV8-6*01		CAVSDGVSGGGADGLTF	n	104.007	99.518	112.303	106.506	133.545	122.611
TRAV14/DV4*01		CAMREGMGGGFKTIF	n	99.392	89.491	115.243	104.252	135.459	124.963
TRAV12-1*01		CVVNSFMEYGNKLVF	n	74.722	71.415	80.491	76.595	89.439	84.549
TRAV35*01		CIPGTASKLTF	n	102.798	99.320	108.649	104.628	117.734	112.935
TRAV41*01		CAVRRGSQGNLIF	n	111.644	107.523	116.863	113.046	124.226	120.325
TRAV38-2/DV8*01		CAYRSPMEYGNKLVF	n	90.985	80.903	112.331	98.955	131.327	121.039
TRAV9-2*01		CALSLLSGGSYIPTF	n	138.236	131.462	145.379	140.025	153.531	149.001
TRAV1-2*01		CAVREPVEYGNKLVF	n	92.029	83.771	108.457	98.145	123.432	115.063
TRAV16*01		CALSDIFTSGTYKYIF	n	129.445	121.924	139.308	132.305	149.889	144.189
TRAV26-2*01		CILRDENNARLMF	n	113.677	106.979	121.808	115.688	133.110	126.977
TRAV25*01		CAGGWEYRNKLVF	n	108.073	100.446	115.627	109.850	125.357	120.090
TRAV23/DV6*01		CAASQFGDYKLSF	n	93.018	87.645	100.463	95.223	110.970	105.184
TRAV17*01		CATLQTTDSWGKLQF	n	102.304	97.480	115.765	107.570	131.761	123.204
TRAV13-1*01		CADYQAGTALIF	n	85.656	78.854	95.024	88.426	105.935	100.198
TRAV13-2*01		CAEKGGFKTIF	n	86.755	82.447	93.540	88.788	103.445	98.115
TRAV3*01		CAVSFMEYGNKLVF	n	106.095	99.666	113.814	108.151	124.073	118.469
TRAV13-1*01		CAAKGPVIQGAQKLVF	n	107.688	102.836	113.896	109.469	122.649	117.979
TRAV20*01		CAVQARGWGKFQF	n	105.161	97.408	114.336	107.653	125.281	119.396
TRAV13-1*01		CAASSGYNKLIF	n	69.228	63.893	76.838	71.447	87.352	81.605
TRAV12-3*01		CAMRDNQGGKLIF	n	75.491	69.920	82.222	77.361	93.398	87.235
TRAV8-1*01		CAVNATTDSWGKFQF	n	125.984	119.127	135.049	128.737	145.180	139.428
TRAV29/DV5*01		CAASPGTASKLTF	n	83.348	74.991	92.743	85.728	104.370	98.184
TRAV6*01		CALGSRNFNKFYF	n	116.534	111.957	122.165	117.990	130.511	125.948
TRAV6*01		CALDEASGTYKYIF	n	118.567	113.627	127.083	121.301	138.580	132.272
TRAV13-1*01		CAAKIFRVQGAQKLVF	n	107.193	100.859	114.583	109.211	123.660	118.773
TRAV39*01		CGEETSGSRLTF	n	108.622	105.122	113.924	110.125	122.018	117.703
TRAV14/DV4*02		CAMREGDTGNQFYF	n	97.578	88.128	109.831	101.069	127.194	118.188
TRAV29/DV5*01		CAASAGGGATNKLIF	n	95.381	89.397	104.309	98.097	116.386	110.036
TRAV35*01		CAGLPGGSYIPTF	n	117.523	111.567	127.083	120.483	138.471	132.467
TRAV9-2*01		CALTRDSNYQLIW	n	112.413	108.737	120.215	115.238	129.347	124.475
TRAV23/DV6*01		CAVCYTGNQFYF	n	90.875	83.711	100.326	93.393	115.363	107.749
TRAV21*01		CAVDGTSYGKLTF	n	91.864	85.035	99.611	93.958	109.317	103.899
TRAV9-2*01		CALSAMGGGSNYKLTF	n	130.269	123.715	137.192	131.984	145.865	141.113
TRAV8-4*01		CAVSASGSQGNLIF	n	114.171	105.705	124.967	117.116	137.286	130.662
TRAV17*01		CATGTGGFKTIF	n	81.920	71.464	95.765	85.893	111.264	103.105
TRAV14/DV4*01		CALGEPSLQPNTGNQFYF	n	134.885	126.292	147.576	138.704	164.764	155.521
TRAV8-3*01		CAVLGGGYQKVTF	n	101.315	94.996	112.138	104.875	124.585	117.851
TRAV39*01		CPRSEKLVF	n	96.205	92.782	100.903	97.502	109.089	104.707
TRAV1-1*01		CAVIIKAAGNKLTF	n	97.139	90.996	106.589	100.158	118.658	112.215
TRAV19*01		CALSEANSAQGAQKLVF	n	133.072	127.094	141.258	135.550	151.367	145.793
TRAV13-1*01		CAASKTGTASKLTC	n	92.359	85.134	100.188	94.309	110.176	104.783
TRAV9-2*01		CALSEDNQGGKLIF	n	116.369	111.517	123.182	118.367	131.707	127.090
TRAV4*01		CLVGEGAGNMLTF	n	101.589	96.721	108.237	103.421	119.713	113.516
TRAV9-2*01		CALRSGSSASKIIF	n	123.237	119.671	128.374	124.886	134.328	131.047
TRAV26-1*01		CIVPNQAGTALIF	n	113.182	105.705	123.539	116.229	135.437	129.092
TRAV38-1*01,TRAV38-1*03,TRAV38-1*02		CAPWYGATNKLIF	n	92.084	84.887	106.150	96.968	120.855	112.924
TRAV2*01		CAVEVWGSQGNLIF	n	120.490	109.353	132.302	123.424	143.875	137.443
TRAV14/DV4*01		CAMREGRSSGAGSYQLTF	n	114.336	103.479	132.028	119.846	153.314	142.304
TRAV38-1*01		CAFMNPASNYQLIW	n	100.875	91.826	115.517	105.613	135.154	125.005
TRAV38-2/DV8*01		CAFTNNAGNMLTF	n	90.381	84.431	104.034	95.100	121.453	112.431
TRAV4*01		CLVGDMTTDSWGKLQF	n	127.797	119.292	137.961	130.423	150.237	143.587
TRAV14/DV4*02		CAMRETEDSSASKIIF	n	112.468	105.655	126.836	117.216	146.061	136.241
TRAV13-2*01		CAETAGNARLMF	n	89.172	86.095	94.557	90.881	103.695	98.847
TRAV19*01		CALSDFEETSGSRLTF	n	135.819	130.209	142.055	137.402	150.856	146.033
TRAV9-2*01		CALSDWGGNKLTF	n	105.490	103.018	110.188	107.072	117.864	113.713
TRAV27*01		CAINDYKLSF	n	81.425	74.052	92.084	84.516	105.675	98.231
TRAV38-2/DV8*01		CAYRTPWNTGNQFYF	n	100.326	88.771	117.495	105.675	140.809	128.791
TRAV8-4*01		CAVSDQGNKLTF	n	96.205	91.441	104.886	99.058	115.581	109.810
TRAV9-2*01		CAPAPHGNNRLAF	n	115.380	111.957	120.407	116.810	127.455	123.785
TRAV13-2*01		CAENDDYKLSF	n	82.249	77.816	89.310	84.482	98.432	93.436
TRAV19*01		CALSEASSGGYNKLIF	n	125.489	121.165	132.165	127.314	141.874	136.674
TRAV27*01		CAGNNFNKFYF	n	91.425	82.716	101.617	94.130	113.961	107.186
TRAV8-4*01		CAVSRYNTGNQFYF	n	117.248	112.869	125.297	120.004	136.785	130.537
TRAV20*01		CAVYNFNKFYF	n	96.040	91.601	101.946	97.683	111.035	106.212
TRAV10*01		CVVSGGNEKLTF	n	86.700	75.535	98.677	89.795	109.828	103.505
TRAV26-1*01		CIVREFNDYKLSF	n	110.710	102.858	119.226	112.841	130.022	124.082
TRAV41*01		CAVRIGFGNVLHC	n	78.129	72.909	93.101	84.053	110.013	101.313
TRAV8-1*01		CAVIPYTGTASKLTF	n	117.852	106.864	129.830	120.898	141.700	135.192
TRAV36/DV7*03,TRAV36/DV7*02		CAALNGGGADGLTF	n	86.315	83.612	92.469	88.390	113.874	103.765
TRAV2*01		CAVEDFNDYKLSF	n	105.765	97.298	114.776	107.756	128.010	120.995
TRAV12-2*01,TRAV12-2*03		CAVSGTASKLTF	n	41.757	38.581	46.427	43.053	56.360	51.033
TRAV26-1*01		CIDASSGSARQLTF	n	117.962	109.127	128.511	120.859	139.254	133.373
TRAV22*01		CAAPSTRTSGSRLTF	n	121.588	117.407	126.533	122.870	133.066	129.437
TRAV17*01		CATDAPFYYGGSQGNLIF	n	124.116	121.781	140.351	130.595	160.089	150.146
TRAV14/DV4*02		CAMREATGTYKYIF	n	100.985	92.628	116.396	106.048	134.491	125.099
TRAV6*01		CALDITPGTYKYIF	n	121.753	117.561	129.006	124.134	138.960	133.606
TRAV1-1*01		CAVRARGGATNKLIF	n	110.325	105.084	118.951	113.060	130.815	124.642
TRAV8-6*01		CAVTGFSGGYNKLIF	n	111.369	107.325	119.116	114.013	128.825	123.606
TRAV16*01		CALVPSRGWGKLQF	n	113.237	108.463	118.704	114.505	126.705	122.510
TRAV14/DV4*01		CAMREGRRTGRRALTF	n	107.633	96.837	126.423	113.832	145.093	135.246
TRAV1-1*02,TRAV1-1*01		CAVGNSGNTPLVF	n	90.381	82.661	101.727	93.766	114.069	107.529
TRAV21*01		CAVTLQGAQKLVF	n	91.260	84.793	99.282	93.473	108.806	103.607
TRAV29/DV5*01		CAASWRDDKIIF	n	85.546	79.398	95.491	88.697	107.219	100.899
TRAV21*01		CAVSLRLLNYGQNFVF	n	114.831	107.501	127.165	118.875	143.125	134.743
TRAV9-2*01		CALSDWAGGTSYGKLTF	n	127.467	116.319	139.390	130.520	152.444	145.113
TRAV14/DV4*02		CAMREGQRPGNEKLTF	n	102.908	94.507	116.506	107.230	130.815	122.919
TRAV21*01		CAVRIETSGSRLTF	n	103.677	94.666	112.633	105.821	121.975	116.763
TRAV13-2*01		CAETSGFNKFYF	n	88.568	85.420	93.265	89.910	103.326	98.156
TRAV12-1*01		CVVNIPTDSWGKLQF	n	82.414	78.777	86.425	83.327	95.681	90.728
TRAV38-1*01		CAFIPSFGNEKLTF	n	87.304	81.414	93.430	88.623	113.167	102.226
TRAV8-3*01		CDANFGNEKLTF	n	98.897	93.936	107.029	101.523	116.179	111.193
TRAV24*01		CAPWGGYSTLTF	n	100.930	94.557	108.814	103.142	118.386	113.245
TRAV26-2*01		CILSRARVNRKLTF	n	123.347	118.671	129.033	124.757	136.916	132.623
TRAV17*01		CAPYSGAGSYQLTF	n	80.326	72.788	98.842	87.358	117.603	107.658
TRAV8-4*01		CAVSVPGNQFYF	n	105.930	100.529	112.550	107.751	124.704	118.174
TRAV8-6*01		CAVSVGGFKTIF	n	99.721	93.941	107.496	101.933	118.310	112.592
TRAV17*01		CATRSGANAGKSTF	n	97.359	91.029	110.133	101.460	126.857	118.325
TRAV40*01		CLLRSDPNFGNEKLTF	n	110.160	109.155	113.402	111.170	132.762	123.463
TRAV9-2*01		CALSRWNTDKLIF	n	112.853	108.254	118.814	114.543	126.749	122.393
TRAV8-6*01		CAVTSGGSNYKLTF	n	107.413	100.661	114.913	109.298	124.334	119.184
TRAV17*01		CATDGNFGNEKLTF	n	75.437	66.810	88.623	79.880	105.305	95.737
TRAV1-1*01		CAVIGDSGTYKYIF	n	103.952	99.644	115.023	107.978	128.706	121.695
TRAV30*01		CGTENGANSKLTF	n	106.974	101.617	113.265	108.639	121.877	117.109
TRAV26-2*01		CILGTLGNYGGSQGNLIF	n	144.335	135.385	159.472	149.404	174.149	166.315
TRAV2*01		CAVVEGGGNKLTF	n	96.150	88.865	106.040	99.027	117.212	111.103
TRAV8-3*01		CAVDLGYSGGGADGLTF	n	113.072	108.155	120.737	115.097	142.038	131.198
TRAV25*01		CAPNTGFQKLVF	n	95.985	88.980	104.007	98.050	114.613	108.771
TRAV40*01		CDTGTASKLTF	n	104.062	101.996	108.512	105.554	116.320	112.244
TRAV5*01		CAESRRQGGKLIF	n	86.810	81.112	95.381	89.385	106.599	100.605
TRAV3*01		CAVRDGLWGYSTLTF	n	116.424	107.759	127.165	119.481	138.384	132.293
TRAV12-1*01		CVVNPFKSGNTPLVF	n	78.568	72.612	85.051	79.871	97.693	91.361
TRAV25*01		CAGHLEYGNKLVF	n	102.194	94.414	110.243	104.145	120.485	114.582
TRAV26-1*01		CIVRFGNNARLMF	n	112.358	104.287	122.138	115.100	131.783	126.399
TRAV12-2*01,TRAV12-2*03		CAVWGVDSNYQLIW	n	69.503	66.728	73.871	70.866	80.664	76.794
TRAV19*01		CALSLNYNFNKFYF	n	126.039	121.396	131.808	127.584	139.928	135.538
TRAV23/DV6*01		CAPGAPQGGSEKLVF	n	102.633	97.941	109.666	104.765	119.811	114.194
TRAV9-2*01		CALSERGGSEKLVF	n	111.809	106.226	117.935	113.344	125.607	121.164
TRAV9-2*01		CALSESGQGAQKLVF	n	119.061	114.451	123.676	120.070	131.479	127.300
TRAV22*01		CAVEGSSNTGKLIF	n	105.930	101.463	111.781	107.533	120.844	115.888
TRAV36/DV7*02		CAVEAPPLRSGGSNYKLTF	n	154.170	149.329	160.461	155.864	168.625	164.216
TRAV35*01		CAGPNNQGGKLIF	n	110.600	104.754	118.292	112.805	128.021	122.694
TRAV21*01		CAVRDSWGKFQF	n	95.765	87.705	104.172	97.831	114.570	109.007
TRAV25*01		CAGIRLAGGGNKLTF	n	115.270	109.908	124.473	118.176	135.230	129.406
TRAV35*01		CAGRPRPGTSYGKLTF	n	131.039	124.621	139.637	133.558	151.183	145.001
TRAV8-3*01		CAVGAPDTGNQFYF	n	114.776	109.386	123.127	117.199	137.514	129.994
TRAV4*01		CLVGPHFGNEKLTF	n	99.007	95.425	103.952	100.234	119.572	111.494
TRAV29/DV5*01		CAAKGSGTDKLIF	n	84.667	77.156	93.156	86.986	102.673	97.282
TRAV29/DV5*01		CAASYMEYGNKLVF	n	89.172	83.596	98.650	92.172	111.416	104.562
TRAV9-2*01		CGSGGSNYKLTF	n	95.216	92.875	101.232	97.216	112.177	106.338
TRAV8-6*01		CAVRASGGSYIPTF	n	120.545	114.199	130.462	123.592	141.048	135.309
TRAV25*01		CAGLSGSNYQLIW	n	100.051	92.875	110.985	103.305	124.704	117.356
TRAV36/DV7*02		CAVLPNRDDKIIF	n	107.688	102.188	115.929	110.232	125.607	120.438
TRAV2*01		CAVLKDNNARLMF	n	115.160	106.573	123.704	117.161	133.741	128.159
TRAV23/DV6*01		CAASVILTGGGNKLTF	n	97.524	88.288	110.490	101.422	124.878	117.113
TRAV29/DV5*01		CAASAKFQGGSEKLVF	n	95.765	87.590	105.875	98.255	119.811	112.357
TRAV1-2*01		CAVALEATDKLIF	n	83.733	76.508	99.914	89.765	114.928	106.908
TRAV40*01		CLLFQGAQKLVF	n	107.139	103.743	111.506	108.347	118.473	114.721
TRAV8-1*01		CAVSPNSGYSTLTF	n	107.578	99.650	120.270	111.658	133.480	126.406
TRAV17*01		CATDAQGNTPLVF	n	83.403	76.057	102.386	90.567	120.017	110.566
TRAV2*01		CAVGLSGSARQLTF	n	117.193	107.836	126.176	119.174	136.057	130.541
TRAV9-1*01		CALNQRGGADGLTF	n	100.985	98.194	109.199	103.914	126.237	117.621
TRAV38-1*01		CAFMNPRINSGYALNF	n	116.039	108.100	133.731	122.470	152.096	142.394
TRAV38-1*01		CAFMKPLPGGGNKLTF	n	109.501	102.913	123.649	114.309	141.526	132.394
TRAV16*01		CARGNAGNMLTF	n	86.480	78.145	97.359	89.534	109.274	102.906
TRAV12-2*01,TRAV12-2*03		CAVKGRNYGQNFVF	n	68.514	62.844	74.969	70.120	83.404	78.726
TRAV9-2*01		CAVLYNQGGKLIF	n	117.248	115.743	121.506	118.834	128.488	124.776
TRAV38-2/DV8*01		CAYRSSDSNYQLIW	n	81.535	68.426	102.221	88.040	127.347	114.518
TRAV12-1*01		CVVNRDYNNARLMF	n	76.535	74.321	80.409	77.614	89.450	84.755
TRAV38-2/DV8*01		CAYRSANSNSGYALNF	n	96.150	85.876	121.341	105.624	146.507	133.342
TRAV17*01		CALGSGGSNYKLTF	n	88.128	80.282	102.111	92.793	116.157	108.567
TRAV8-1*01		CAVNQGDNQGGKLIF	n	116.808	108.820	125.270	118.853	135.100	129.642
TRAV5*01		CAEEAAYSGAGSYQLTF	n	115.984	109.770	128.429	120.452	141.233	134.377
TRAV13-2*01		CAALGGSNYKLTF	n	88.513	84.370	96.644	91.321	105.696	100.819
TRAV12-3*01		CAITSFSGGYQKVTF	n	81.810	78.997	88.293	83.761	103.054	95.408
TRAV1-1*02,TRAV1-1*01		CAFTDGQKLLF	n	75.052	69.794	85.766	78.888	99.107	91.803
TRAV8-1*01		CAGGAGGFKTIF	n	98.787	91.892	108.402	101.647	119.017	113.261
TRAV23/DV6*01		CAAPCDNAGNMLTF	n	98.073	91.716	109.034	101.506	123.399	115.677
TRAV5*01		CADRRDYKLSF	n	78.074	72.503	86.782	80.790	98.465	92.030
TRAV12-3*01		CAMSQGGGSYIPTF	n	83.458	79.684	89.941	85.412	103.010	96.010
TRAV19*01		CALSGSSSGTYKYIF	n	126.808	120.187	133.676	128.300	143.484	138.192
TRAV12-1*01		CVGRAGGTSYGKLTF	n	72.525	68.431	80.107	75.107	90.701	84.898
TRAV1-2*01		CAVVYMNRDDKIIF	n	95.051	89.403	110.545	100.906	127.738	118.967
TRAV38-1*01		CAFMRRGAGGTSYGKLTF	n	127.083	121.869	141.835	132.433	161.045	151.114
TRAV8-1*01		CAVNEWDDNDYKLSF	n	121.808	115.561	130.736	124.420	141.081	135.457
TRAV17*01		CATDSEGSGGSYIPTF	n	111.424	104.935	129.747	118.406	149.019	138.952
TRAV12-1*01		CVVIPTSGSARQLTF	n	87.304	84.008	94.392	89.820	101.771	97.745
TRAV8-4*06,TRAV8-4*01		CAVTSANAGGTSYGKLTF	n	131.258	119.083	145.571	135.116	161.154	152.651
TRAV19*01		CALSEARWYKLSF	n	115.929	112.908	121.506	117.699	129.608	125.362
TRAV13-1*01		CAPWPPGGNKLVF	n	81.370	76.277	89.419	83.812	99.639	94.218
TRAV20*01		CAVQAQMNTGFQKLVF	n	115.655	106.792	124.610	117.821	133.621	128.382
TRAV12-3*01		CAMLRRDDKIIF	n	71.371	66.887	78.019	73.473	92.267	84.961
TRAV35*01		CAGLLNYGGSQGNLIF	n	136.808	128.857	148.126	140.280	159.382	153.189
TRAV21*01		CAVWSAGGGADGLTF	n	91.480	88.161	100.381	94.696	119.278	109.560
TRAV39*01		CAVDMGRETSGSRLTF	n	134.555	129.693	139.939	135.809	147.997	143.618
TRAV3*01		CAVGMRDSSYKLIF	n	112.743	105.216	120.572	114.553	130.598	125.160
TRAV13-1*01		CAASISDTDKLIF	n	82.634	75.925	90.793	84.875	100.031	94.958
TRAV5*01		CAEVGGGATNKLIF	n	90.875	83.628	98.815	93.014	107.675	102.690
TRAV1-1*02,TRAV1-1*01		CAARDNYGQNFVF	n	94.007	87.727	107.551	98.624	123.530	115.331
TRAV16*01		CALGADRGSTLGRLYF	n	127.412	121.391	134.995	129.558	145.093	139.608
TRAV2*01		CACDTVGWNFRLSGNTPLVF	n	167.136	156.213	178.866	170.120	189.372	183.541
TRAV16*01		CALRSNNNDMRF	n	95.106	87.299	106.919	98.587	119.126	112.470
TRAV13-1*01		CAASTPVYGQNFVF	n	95.106	89.991	104.941	98.431	118.310	111.078
TRAV39*01		CAVATRSGGSNYKLTF	n	138.950	136.313	143.291	140.282	149.867	146.269
TRAV8-4*01		CAVSDQAHQFYF	n	113.237	107.880	120.160	115.222	129.815	124.536
TRAV35*01		CAGRKFTGKSTF	n	119.446	114.809	125.682	121.104	134.643	129.955
TRAV26-1*01		CIVSFNSGNTPLVF	n	119.940	113.627	127.385	121.667	137.992	132.450
TRAV9-2*01		CALSEGGGGNKLTF	n	102.413	98.386	108.430	104.165	117.951	112.802
TRAV12-3*01		CAMSAYGKLTF	n	62.415	57.476	68.212	63.789	80.599	73.950
TRAV2*01		CAVGYSGNTPLVF	n	108.622	99.650	118.292	110.956	128.130	122.662
TRAV8-4*01		CAVISMEYGNKLVF	n	116.973	113.155	123.237	118.972	131.935	127.179
TRAV8-3*01		CAVVLRQGYSTLTF	n	117.742	112.473	128.484	121.362	141.472	134.791
TRAV12-1*01		CAQGGKIIF	n	45.163	43.213	51.289	47.318	62.341	56.427
TRAV16*01		CALKSYGQNFVF	n	94.337	85.749	107.715	98.521	121.768	114.189
TRAV24*01		CALRGGSYIPTF	n	107.798	100.122	116.561	110.152	126.749	121.070
TRAV22*01		CAVEANSGYALNF	n	112.193	110.831	115.160	113.177	121.105	118.060
TRAV9-2*01		CALRSAVGTGRRALTF	n	140.434	135.011	147.851	142.626	156.174	151.559
TRAV12-3*01		CAPTLPAGNKLTF	n	69.777	65.942	76.233	71.731	88.037	81.721
TRAV35*01		CAGRDFNKFYF	n	109.116	104.309	114.858	110.613	123.432	118.788
TRAV2*01		CAVLGTGRRALTF	n	114.171	104.842	123.759	116.613	133.458	128.030
TRAV19*01		CALLPPPGPSNTGKLIF	n	146.423	141.687	152.549	148.119	163.025	157.430
TRAV9-2*01		CALCTGCYGQNFVF	n	121.204	117.874	129.363	124.227	140.069	134.357
TRAV2*01		CACDTIPLGGMNTDKLIF	n	152.302	142.719	161.092	154.095	170.430	165.189
TRAV12-1*01		CVVFSNDYKLSF	n	65.327	63.300	70.821	67.353	78.979	74.582
TRAV3*01		CAVRAQRGSYIPTF	n	123.017	112.743	134.253	125.905	144.713	138.740
TRAV9-2*01		CALKGRAGGFKTIF	n	121.753	116.660	129.445	124.131	139.123	133.940
TRAV38-1*01,TRAV38-1*03		CAFDGTYKYIF	n	90.930	82.453	104.913	95.605	119.604	111.631
TRAV3*01		CAVRDMKNYGQNFVF	n	121.534	111.704	134.747	125.443	147.931	140.679
TRAV13-1*01		CAASIYSGGSNYKLTF	n	103.293	97.139	111.452	105.537	121.920	116.200
TRAV13-2*01		CAEIAPDDYKLSF	n	97.798	92.535	104.584	99.638	114.428	109.127
TRAV4*01		CLVGDSDTGFQKLVF	n	112.468	105.161	119.968	114.084	130.641	124.796
TRAV8-2*01		CVVSDWVDTGNQFYF	n	119.281	114.270	128.154	122.183	140.863	134.226
TRAV25*01		CAGPGLWDRLMF	n	102.139	93.557	110.930	104.258	120.148	114.858
TRAV1-2*01		CAVRRGTGFQKLVF	n	85.106	81.074	96.370	89.334	111.786	103.817
TRAV20*01		CAVHTDNYGQNFVF	n	109.556	104.683	120.984	113.795	133.860	127.059
TRAV14/DV4*01		CAMREYDYKLSF	n	85.546	77.991	99.721	90.525	115.320	106.986
TRAV14/DV4*01		CAMRDPNSNSGYALNF	n	109.171	97.287	128.017	115.184	146.844	136.663
TRAV26-2*01		CILYSGGYQKVTF	n	108.512	104.161	117.275	111.434	129.152	122.897
TRAV40*01		CLHKGKLTF	n	94.172	91.342	99.419	95.874	107.991	103.410
TRAV16*01		CALSGREETSGSRLTF	n	126.753	120.979	133.429	128.487	141.994	137.304
TRAV16*01		CAFSSAGAQKLVF	n	100.106	94.309	106.864	101.922	114.907	110.505
TRAV26-1*01		CIVGLEYGNKLVF	n	105.435	99.930	112.138	107.233	122.084	116.690
TRAV21*01		CAVPGGGADGLTF	n	69.063	66.970	76.535	71.754	96.964	87.042
TRAV23/DV6*01		CAASLTHPQGGSEKLVF	n	110.710	105.540	117.028	112.341	130.641	123.266
TRAV14/DV4*02		CAMREGRLTNSGYALNF	n	115.929	102.787	134.280	121.356	151.726	142.379
TRAV3*01		CAVRGPPHAGKSTF	n	115.215	105.232	127.275	118.651	138.416	132.210
TRAV26-1*01		CIVRLLPGTASKLTF	n	118.182	107.562	132.275	122.382	145.158	138.082
TRAV14/DV4*01		CALGGRGTNAGKSTF	n	112.633	105.595	125.325	116.910	139.352	131.640
TRAV35*01		CAGQSPYGGSQGNLIF	n	133.236	126.011	145.763	137.320	158.718	151.731
TRAV29/DV5*01		CAAYRPQETYKYIF	n	108.292	102.479	118.759	111.718	131.664	124.872
TRAV13-1*01		CAATSLYNFNKFYF	n	103.677	99.161	109.089	105.110	117.919	113.177
TRAV35*01		CAGKGSGNTGKLIF	n	118.127	114.237	124.967	120.421	134.382	129.310
TRAV26-1*01		CIVRSNTNAGKSTF	n	115.380	107.479	128.731	119.802	142.897	135.303
TRAV19*01		CALYHNQAGTALIF	n	120.050	112.567	131.066	123.331	142.984	136.502
TRAV12-1*01		CVVNRNNNDMRF	n	63.899	59.640	70.409	65.885	80.327	75.041
TRAV8-4*06,TRAV8-4*01		CAVNLLTGGGNKLTF	n	113.622	109.034	122.385	116.552	133.458	127.642
TRAV26-1*01		CIVRGARNTGNQFYF	n	116.369	106.693	128.951	119.980	144.593	136.126
TRAV29/DV5*01		CAASALGGIDAGGTSYGKLTF	n	141.588	135.187	154.966	146.268	169.516	161.821
TRAV13-1*01		CAASMRNAGNMLTF	n	87.524	82.601	95.381	89.884	108.252	101.384
TRAV16*01		CALSLDAGGTSYGKLTF	n	120.709	112.644	132.440	124.299	146.181	138.643
TRAV8-3*01		CAAGLIEDNNDMRF	n	122.687	116.764	131.780	125.363	143.212	137.210
TRAV9-2*01		CALSDSGSNYKLTF	n	104.721	99.600	114.309	107.949	126.042	119.724
TRAV41*01		CAALHTGTASKLTF	n	115.765	111.061	122.330	117.717	129.424	125.509
TRAV9-2*01		CALIRVNNARLMF	n	122.303	119.138	126.945	123.664	133.936	130.110
TRAV8-2*01		CVVTSNNNDMRF	n	107.468	102.358	114.968	109.590	125.204	119.862
TRAV39*01		CAVDAYHMENKLVF	n	124.500	121.539	128.896	125.808	136.220	132.371
TRAV8-2*01		CVVSDPEWASGGSNYKLTF	n	139.994	129.918	152.219	143.320	165.471	158.284
TRAV4*01		CLVEDKLIF	n	89.227	83.755	98.677	92.184	111.079	104.411
TRAV29/DV5*01		CAASAPPNSNSGYALNF	n	118.457	109.974	131.616	122.779	145.017	137.740
TRAV8-1*01		CAVNPHNNNDMRF	n	108.512	101.880	118.374	111.459	131.076	124.296
TRAV17*01		CATGAGGGADGLTF	n	78.348	72.536	85.161	79.943	105.403	94.425
TRAV36/DV7*02		CAVIFSGTYKYIF	n	114.995	109.369	121.314	116.476	128.793	124.797
TRAV39*01		CAVDKYAGGTSYGKLTF	n	138.456	131.572	145.956	140.306	156.554	150.703
TRAV26-2*01		CILRDSDAGGTSYGKLTF	n	137.082	128.544	148.565	140.456	162.285	154.865
TRAV22*01		CAVDSYQGGKLIF	n	103.567	101.045	108.210	105.092	115.733	111.664
TRAV12-1*01		CVVMEYGNKLVF	n	59.448	55.371	64.997	60.970	73.868	69.338
TRAV29/DV5*01		CAASVTRVNRKLTF	n	93.623	87.189	102.331	96.227	114.776	108.055
TRAV30*01		CGTAYNTDKLIF	n	105.435	101.106	111.506	107.162	120.278	115.589
TRAV41*01		CAVRLRDNTDKLIF	n	119.995	116.468	124.446	121.177	130.500	127.215
TRAV20*01		CAVQAARNTDKLIF	n	107.413	98.502	116.369	109.549	126.433	120.915
TRAV14/DV4*01		CAMREANYGGSQGNLIF	n	110.545	100.441	130.736	117.194	153.325	141.590
TRAV22*01		CAVWGAQKLVF	n	91.480	89.337	95.875	92.948	103.859	99.694
TRAV12-1*01		CVVPSSDGQKLLF	n	66.756	62.712	70.739	67.623	80.044	75.121
TRAV8-4*06,TRAV8-4*01		CAVSSTNAGGTSYGKLTF	n	129.940	118.028	143.648	133.503	158.827	150.612
TRAV25*01		CAGTNFGNEKLTF	n	100.381	92.145	109.803	102.842	119.093	114.014
TRAV26-2*01		CLPFLSGTYKYIF	n	117.797	111.045	126.341	120.197	135.567	130.455
TRAV17*01		CATMNTGFQKLVF	n	81.425	75.189	96.425	87.077	112.036	103.659
TRAV9-2*01		CALRSGSGGYQKVTF	n	119.281	115.776	126.506	121.727	138.308	132.192
TRAV19*01		CALSAGEGGSEKLVF	n	111.754	107.018	118.484	113.908	128.021	122.867
TRAV3*01		CAVSPGGINAGNMLTF	n	117.193	112.501	125.132	119.743	136.590	130.422
TRAV14/DV4*02,TRAV14/DV4*01		CAMYGTGAGSYQLTF	n	102.743	98.760	118.512	109.352	134.023	125.655
TRAV2*01		CAVGRNNNDMRF	n	106.589	98.749	115.819	109.033	126.814	120.956
TRAV38-2/DV8*01		CAYRSLNYGGATNKLIF	n	102.963	91.980	126.588	111.368	149.899	137.568
TRAV8-3*01		CAVGAKGGYQKVTF	n	110.435	104.759	120.929	114.012	134.437	127.314
TRAV17*01		CARNMNRDDKIIF	n	87.139	80.299	101.424	92.141	118.049	109.168
TRAV12-2*01,TRAV12-2*03		CATPGLRNNRKLIW	n	63.019	60.734	68.404	65.010	76.684	72.280
TRAV14/DV4*01		CALGERAFPILKRGGDKLIF	n	140.654	132.896	156.422	146.386	170.876	162.981
TRAV12-2*01,TRAV12-2*03		CAVLREARGFGNVLHC	n	70.656	64.756	80.217	73.716	91.625	85.673
TRAV25*01		CAVPGDGNKLVF	n	92.249	84.716	101.617	94.778	112.547	106.530
TRAV22*01		CAPGRAGNMLTF	n	89.172	84.117	97.084	91.619	106.153	101.307
TRAV12-1*01		CVVNGYSGGGADGLTF	n	58.184	51.514	69.503	61.666	90.364	79.913
TRAV8-1*01		CAVLPPGGSYIPTF	n	127.907	120.572	137.659	130.775	147.953	142.251
TRAV30*01		CGTFSSGAGSYQLTF	n	114.116	105.084	125.270	116.993	138.188	131.449
TRAV26-1*01		CIVRGFAGANSKLTF	n	123.182	115.067	132.083	125.463	142.157	136.633
TRAV21*01		CAVRRNTNAGKSTF	n	100.161	90.837	113.896	104.510	128.238	120.537
TRAV2*01		CAVEGGNNRKLIW	n	103.567	94.353	113.622	106.155	123.465	117.881
TRAV13-1*01		CAALPDDMRF	n	83.074	78.854	89.667	85.142	99.607	94.314
TRAV8-3*01		CAVAPSGNTPLVF	n	110.545	105.045	117.742	112.607	128.771	122.932
TRAV9-2*01		CALKWVQGAQKLVF	n	124.446	121.286	128.401	125.520	134.241	131.043
TRAV29/DV5*01		CAAKRYYGGSQGNLIF	n	110.270	101.891	125.599	115.487	140.515	132.527
TRAV13-2*01		CAEGERLMF	n	80.986	77.365	85.931	82.372	94.452	89.779
TRAV27*01		CAGAGSNDYKLSF	n	98.128	89.343	108.622	101.000	121.605	114.482
TRAV26-1*01		CIVRVETGAGSYQLTF	n	121.808	107.957	136.863	125.774	151.357	143.231
TRAV8-1*01		CAVNGRNYGQNFVF	n	113.347	106.622	125.132	117.303	138.275	131.094
TRAV14/DV4*01		CAMMRGATNKLIF	n	97.139	90.568	107.468	100.544	118.865	112.529
TRAV13-1*01		CAASRNLPKTSYDKVIF	n	119.720	114.655	127.742	122.215	137.688	132.355
TRAV29/DV5*01		CAAGGSGTYKYIF	n	90.051	83.552	99.501	92.907	111.949	105.391
TRAV2*01		CACDTVLGEPYTDKLIF	n	144.884	135.725	153.510	146.700	162.970	157.688
TRAV29/DV5*01		CAASHEKLTF	n	74.722	67.849	84.008	77.412	94.148	88.564
TRAV17*01		CATDALGSSNTGKLIF	n	103.238	98.111	120.600	110.197	138.645	129.276
TRAV10*01		CVVSLIGGYQKVTF	n	107.908	97.111	119.775	110.866	132.327	125.289
TRAV19*01		CALSEDHPLGFGNVLHC	n	131.423	127.907	140.599	134.642	154.793	147.555
TRAV23/DV6*01		CAASIRGTYKYIF	n	98.073	91.831	106.974	100.613	119.213	112.747
TRAV8-6*01		CAVSDWGTGNQFYF	n	107.248	103.128	115.984	110.152	129.717	122.451
TRAV3*01		CAVRPLGGKLIF	n	98.842	90.408	107.001	100.643	117.332	111.755
TRAV39*01		CAVDIWDDMRF	n	109.721	106.853	116.369	112.006	126.324	121.213
TRAV12-2*01		CAVNKNFNKFYF	n	49.229	46.234	54.036	50.678	62.591	57.894
TRAV26-1*01		CIVRGQNNNARLMF	n	120.160	112.386	129.253	122.553	139.656	133.927
TRAV12-3*01		CAMSAVSNTGKLIF	n	74.557	68.657	83.046	76.769	97.747	89.967
TRAV8-4*06,TRAV8-4*01		CAVSDRKYSGGGADGLTF	n	123.511	115.699	133.731	126.346	152.477	142.766
TRAV8-4*06,TRAV8-4*01		CAVSEGVAAGNKLTF	n	113.347	109.946	119.144	115.131	129.761	124.151
TRAV35*01		CAGQYGNKLVF	n	98.952	94.672	105.023	100.737	113.558	108.817
TRAV8-2*01		CVVTNTGGFKTIF	n	111.699	107.556	118.677	113.753	129.489	123.843
TRAV39*01		CAVDIATTSGTYKYIF	n	140.544	136.505	147.247	142.658	156.467	151.588
TRAV38-2/DV8*01		CAYNLQGGSEKLVF	n	89.502	79.057	105.985	94.896	122.062	113.315
TRAV14/DV4*02		CAMRIYAGGTSYGKLTF	n	116.259	110.023	130.215	120.900	149.084	139.249
TRAV9-2*01		CALHNAGKSAF	n	111.589	109.259	115.847	113.020	124.041	119.625
TRAV14/DV4*02		CAMRLSNTGFQKLVF	n	99.117	92.326	107.441	101.329	122.856	114.305
TRAV12-1*01		CVVNKGGGGSNYKLTF	n	83.733	80.766	89.227	85.557	98.063	93.126
TRAV24*01		CAFIGYKLSF	n	92.194	87.101	98.787	93.959	108.426	103.198
TRAV26-2*01		CILRRISGAGSYQLTF	n	123.237	109.957	137.165	126.771	151.835	143.782
TRAV26-1*01		CIVVQYNTDKLIF	n	114.556	108.320	122.907	116.941	132.827	127.411
TRAV29/DV5*01		CDFTGKLIF	n	70.766	65.750	80.491	74.133	92.071	85.972
TRAV38-2/DV8*01		CASILDGGATNKLIF	n	98.458	90.156	117.578	105.486	137.090	126.811
TRAV41*01		CAVKGNEKLTF	n	90.820	87.046	96.947	92.777	105.000	100.529
TRAV39*01		CAVGRGYSGTYKYIF	n	126.918	120.979	133.456	128.599	142.614	137.567
TRAV10*01		CVVSAAGNNAGNMLTF	n	113.842	103.677	127.742	117.873	143.919	135.416
TRAV14/DV4*02		CAMREGEISDGQKLLF	n	106.644	97.210	121.726	111.435	138.362	129.374
TRAV8-3*01		CAVGARNGQKLLF	n	104.062	97.331	112.495	106.382	123.921	117.649
TRAV35*01		CAGIHGSSNTGKLIF	n	127.522	124.242	133.896	129.654	143.506	138.480
TRAV5*01		CAAETGNQFYF	n	72.689	65.931	84.420	76.583	99.683	91.649
TRAV29/DV5*01		CAARPQNSGGSNYKLTF	n	118.731	112.199	128.731	121.803	139.982	133.962
TRAV21*01		CAVAPHNNARLMF	n	100.106	93.941	109.858	103.184	119.898	114.424
TRAV8-4*01		CAVSGETGNQFYF	n	107.853	103.776	116.012	110.611	128.097	121.605
TRAV5*01		CAETRGVARLMF	n	86.370	81.002	93.430	88.452	103.119	97.982
TRAV8-6*01		CAVIFGGGNTPLVF	n	115.050	109.627	121.863	117.023	131.294	126.226
TRAV5*01		CADWWNDYKLSF	n	84.447	76.920	94.117	87.142	105.620	99.202
TRAV35*01		CAGQPFPYGNKLVF	n	119.556	115.798	124.500	120.962	132.273	127.929
TRAV23/DV6*01		CAATSTGSARQLTF	n	107.798	102.490	116.039	110.444	126.912	121.154
TRAV23/DV6*01		CALQGVKNTGFQKLVF	n	109.226	102.518	117.193	111.434	128.097	122.226
TRAV1-1*01		CAVRKDSNSGYALNF	n	104.227	98.139	119.665	110.124	135.470	127.220
TRAV39*01		CAVEEVGASYGKLTF	n	127.797	125.638	132.467	129.334	141.374	136.618
TRAV4*01		CLAHNFNKFYF	n	107.303	102.282	113.622	109.049	122.638	117.798
TRAV8-6*01		CAVSDPGTGGFKTIF	n	115.984	109.589	126.781	119.436	139.308	132.712
TRAV12-1*01		CVVSVIGFGNVLHC	n	53.349	45.872	67.580	58.021	84.176	75.353
TRAV21*01		CAVEVQGSQGNLIF	n	109.116	102.056	118.814	112.107	129.413	123.591
TRAV3*01		CAVRAPSYSSASKIIF	n	131.039	120.600	141.011	133.157	152.009	145.926
TRAV8-2*01		CVVILLISSGSARQLTF	n	139.775	131.181	151.862	143.522	161.970	156.352
TRAV4*01		CLGRIGFGNVLHC	n	86.865	81.980	101.452	92.332	119.756	110.284
TRAV19*01		CALSEGELSWGKFQF	n	130.379	125.539	136.972	132.223	145.539	140.874
TRAV8-1*01		CAVNALDSGGGADGLTF	n	111.809	105.353	124.336	115.777	144.887	134.171
TRAV13-1*01		CAASAVTNAGKSTF	n	97.688	89.700	108.100	100.792	118.636	112.794
TRAV3*01		CAVRVRILTGGGNKLTF	n	121.808	111.710	133.511	124.922	145.865	138.989
TRAV35*01		CAGQLKETSGSRLTF	n	129.830	125.303	138.126	132.756	146.822	142.124
TRAV1-1*01		CAVPGGSQGNLIF	n	99.501	96.249	106.644	102.068	117.190	111.582
TRAV6*01		CAPPAGDKIIF	n	99.392	94.013	105.600	100.967	113.460	109.052
TRAV12-3*01		CAMSARGSGAGSYQLTF	n	97.963	96.073	104.611	100.388	120.681	112.740
TRAV14/DV4*02		CAMSLLTRDDKIIF	n	111.149	105.194	121.534	114.599	133.621	127.195
TRAV12-1*01		CVVGNFNKFYF	n	61.481	58.624	65.080	62.411	73.509	68.969
TRAV14/DV4*01		CALGESGNQFYF	n	93.623	87.974	103.128	96.623	118.049	110.280
TRAV8-6*01		CAVIVTGGFKTIF	n	110.270	104.985	119.748	113.430	130.380	124.686
TRAV12-1*01		CVTDSGGYQKVTF	n	58.514	54.778	65.245	60.641	77.511	71.081
TRAV14/DV4*01		CAMRERSANKLIF	n	87.909	80.480	102.331	92.715	118.669	110.072
TRAV20*01		CAVQARPGYSTLTF	n	102.578	94.721	115.215	106.607	129.761	122.232
TRAV3*01		CAVRDPRSGGYNKLIF	n	117.962	107.325	130.022	121.131	142.059	135.435
TRAV9-2*01		CALSDQGGFKTIF	n	115.160	111.204	120.764	116.692	130.609	125.461
TRAV5*01		CAESVPNTDKLIF	n	88.458	82.843	97.221	91.167	107.871	102.205
TRAV16*01		CALSGPLNAGGTSYGKLTF	n	139.225	129.896	150.900	142.639	162.948	156.155
TRAV34*01		CGADVIGFGNVLHC	n	108.787	104.897	117.523	111.621	131.827	124.389
TRAV13-1*01		CAASTWDDKIIF	n	84.063	79.118	91.123	86.100	101.010	95.884
TRAV13-2*01		CAEKMREIGFGNVLHC	n	105.051	100.485	114.473	107.965	131.403	122.716
TRAV13-2*01		CAEIQIKAAGNKLTF	n	102.798	97.947	111.287	105.651	122.279	116.436
TRAV13-1*01		CAASTNGRGAQKLVF	n	93.678	87.332	101.342	95.868	110.698	105.483
TRAV19*01		CALIPLISSGSARQLTF	n	142.412	135.308	152.988	145.587	164.819	158.552
TRAV1-1*01		CAVRPQGGKLIF	n	84.722	78.772	95.381	88.199	109.263	102.102
TRAV19*01		CALRCYTSGTYKYIF	n	128.237	120.676	138.923	131.420	151.313	144.677
TRAV14/DV4*01		CALGELARTQGGSEKLVF	n	120.819	112.605	136.533	126.333	152.063	143.985
TRAV19*01		CALSGPRSSIGFGNVLHC	n	141.917	138.516	149.857	144.531	162.959	156.303
TRAV27*01		CAGGENTDKLIF	n	92.524	84.189	102.743	95.333	114.461	108.000
TRAV6*01		CAGYNFNKFYF	n	107.468	102.424	112.743	108.715	121.181	116.682
TRAV41*01		CAVWWAQKLVF	n	99.062	97.040	103.320	100.528	110.818	106.796
TRAV1-1*01		CAVRGSNYQLIW	n	71.920	58.822	90.299	77.630	107.153	97.966
TRAV8-4*01		CAVAGYSSASKIIF	n	116.534	109.188	124.995	118.675	136.372	130.304
TRAV8-2*01		CVVSDRNRDDKIIF	n	110.710	101.551	122.358	114.023	134.665	128.082
TRAV36/DV7*01		CAVEWNAGGTSYGKLTF	n	126.588	116.501	137.467	129.362	149.127	142.661
TRAV8-4*06,TRAV8-4*01		CAVSSGNNAGNMLTF	n	114.336	109.985	122.165	116.842	132.523	126.766
TRAV21*01		CAAGQGGSEKLVF	n	83.788	78.530	90.601	85.674	100.129	94.914
TRAV6*01		CALALNARLMF	n	104.776	100.304	111.039	106.561	120.561	115.503
TRAV29/DV5*01		CAASVHRDDKIIF	n	91.095	83.958	100.710	93.783	112.830	106.344
TRAV20*01		CAVQLGAGNNRKLIW	n	111.259	101.886	121.121	113.650	131.142	125.587
TRAV1-2*01		CAAGENRDDKIIF	n	82.469	77.085	97.688	88.344	113.221	104.906
TRAV25*01		CGNTGNQFYF	n	94.007	87.573	102.880	96.535	115.516	108.832
TRAV23/DV6*01		CAASIVYNQGGKLIF	n	102.139	93.238	113.539	105.413	126.335	119.404
TRAV1-2*01		CAVSNILTGGGNKLTF	n	96.864	92.013	110.792	102.253	125.737	117.904
TRAV19*01		CALTPTGGNNRLAF	n	118.347	114.545	125.050	120.526	133.425	128.950
TRAV12-1*01		CVVNPTGNTPLVF	n	64.997	59.173	72.030	66.695	83.046	77.132
TRAV17*01		CATDLKTSYDKVIF	n	88.733	82.574	107.880	96.354	126.531	116.552
TRAV27*01		CTGNTPLVF	n	89.062	82.727	97.826	91.612	111.144	104.047
TRAV26-1*01		CIAHSLGGSNYKLTF	n	122.577	113.836	132.550	125.294	142.636	137.073
TRAV25*01		CAVGTSGTYKYIF	n	106.424	97.666	118.017	109.903	129.315	122.982
TRAV9-2*01		CALSGVLNTDKLIF	n	116.973	113.215	122.880	118.744	131.087	126.656
TRAV1-2*01		CAVSVPSGYSTLTF	n	92.579	90.634	105.270	97.725	121.768	113.489
TRAV3*01		CAVRDVRSGNTPLVF	n	118.237	107.523	130.654	121.514	142.451	136.032
TRAV14/DV4*01		CAMKGGAGNNRKLIW	n	103.018	97.024	117.852	108.425	132.860	124.983
TRAV38-2/DV8*01		CALYAGGTSYGKLTF	n	97.688	91.969	113.155	103.455	131.468	121.987
TRAV38-1*01		CAFMKGAAGGTSYGKLTF	n	124.116	121.061	138.456	129.755	156.337	147.019
TRAV27*01		CAGATNTGNQFYF	n	95.546	87.442	108.512	99.332	125.976	117.123
TRAV5*01		CALSGGYNKLIF	n	72.470	68.420	79.228	74.480	88.863	83.872
TRAV5*01		CAERRGTSYGKLTF	n	89.722	84.288	97.936	92.203	110.002	103.451
TRAV17*01		CATDETSGSRLTF	n	81.205	73.667	98.705	87.851	115.679	106.750
TRAV9-2*01		CALSRTSGSRLTF	n	114.940	112.050	119.583	116.432	126.107	122.524
TRAV13-2*01		CAENMSGSARQLTF	n	103.347	98.688	110.160	105.407	119.941	114.844
TRAV38-2/DV8*01		CAYKRESGTASKLTF	n	92.908	82.667	114.611	100.509	137.286	125.538
TRAV13-2*01		CADGGGADGLTF	n	58.130	53.426	73.046	63.670	90.853	81.516
TRAV25*01		CAGRYAGGGTSYGKLTF	n	127.522	116.979	141.231	131.526	154.456	147.097
TRAV26-1*01		CIVRGLIQGAQKLVF	n	118.292	109.693	128.319	121.053	138.047	132.626
TRAV6*01		CALSEDFNKFYF	n	110.820	106.331	115.847	112.086	123.682	119.382
TRAV16*01		CALNRGSTLGRLYF	n	107.688	100.677	116.396	110.086	126.814	121.140
TRAV24*01		CAANSGGSNYKLTF	n	115.105	112.254	118.704	116.041	125.857	122.018
TRAV12-3*01		CAMESRLETSGSRLTF	n	102.853	99.370	108.402	104.655	118.995	113.160
TRAV21*01		CAVRLRGTASKLTF	n	100.765	93.326	111.809	104.243	122.160	116.671
TRAV23/DV6*01		CAASPKEYGNKLVF	n	91.590	82.782	102.880	94.805	115.363	108.491
TRAV26-1*01		CIVRARDGATNKLIF	n	123.786	115.083	132.605	125.887	143.419	137.532
TRAV6*01		CAPGGAGNNRKLIW	n	112.853	107.847	119.748	114.849	128.641	123.780
TRAV16*01		CALLPRTPGNQFYF	n	106.095	97.963	119.198	109.963	133.012	125.611
TRAV24*01		CAFTDSWGKLQF	n	97.798	91.820	105.188	99.766	116.353	110.444
TRAV21*01		CAVKAGAGSYQLTF	n	96.864	90.249	106.946	100.047	116.951	111.554
TRAV13-1*01		CAATPGGSYIPTF	n	90.216	80.964	100.078	92.503	111.916	105.605
TRAV9-2*01		CALRGNTGFQKLVF	n	116.479	114.045	120.654	117.742	128.608	124.451
TRAV8-4*06,TRAV8-4*01		CAVSGLLLAGGTSYGKLTF	n	135.874	124.402	151.093	140.276	167.309	158.667
TRAV26-2*01		CILRVYQAGTALIF	n	118.512	109.974	129.693	121.607	142.222	135.405
TRAV38-2/DV8*01		CAYRSAWNTGNQFYF	n	93.568	79.409	114.446	99.906	138.580	125.809
TRAV17*01		CATDGRGGKLIF	n	73.294	67.503	88.485	79.008	105.903	96.713
TRAV8-2*01		CVVSGWGYQKVTL	n	104.336	97.650	113.649	107.186	123.747	118.334
TRAV12-2*01,TRAV12-2*03		CAAYSGAGSYQLTF	n	60.767	57.377	65.272	61.973	72.476	68.406
TRAV14/DV4*02		CAMRDSSGTYKYIF	n	101.534	93.276	114.858	105.606	131.609	122.808
TRAV1-1*01		CAVRDARFSDGQKLLF	n	106.809	99.952	120.572	111.652	136.198	128.011
TRAV1-1*02,TRAV1-1*01		CAGGFMDSNYQLIW	n	95.326	85.672	110.353	100.093	125.476	117.379
TRAV8-4*01		CAVSAMGGSEKLVF	n	106.150	100.754	113.127	107.837	124.139	118.384
TRAV38-1*01		CAFMKFTGNQFYF	n	100.271	90.161	112.715	103.559	130.424	121.188
TRAV8-2*01		CVVSVGPYKAAGNKLTF	n	125.270	120.770	131.149	126.926	142.320	136.435
TRAV8-1*01		CAVKVTGGGNKLTF	n	107.248	100.441	115.462	109.502	125.204	119.810
TRAV9-2*01		CALSDSRGNQFYF	n	107.963	103.738	115.078	110.146	125.955	120.281
TRAV1-1*01		CAVRAAGNKLTF	n	82.304	78.414	90.930	85.204	104.228	97.435
TRAV1-2*01		CAVGSAGSYQLTF	n	73.239	63.008	92.469	79.998	110.698	101.003
TRAV27*01		CAGDDGANSKLTF	n	101.095	92.980	110.820	103.767	120.496	115.067
TRAV29/DV5*01		CAAFPSQGAQKLVF	n	91.040	83.156	98.980	93.001	111.068	104.647
TRAV8-3*01		CAVGYGNAGKSTF	n	109.062	101.326	117.852	111.221	128.836	122.737
TRAV12-2*01,TRAV12-2*03		CAVKNNQGGKLIF	n	53.844	52.306	58.020	55.334	67.713	62.874
TRAV41*01		CAVRSDNNNDMRF	n	107.523	102.001	117.330	110.806	127.368	121.959
TRAV8-1*01		CAVNGAGNMLTF	n	91.590	85.139	100.930	94.190	113.526	107.025
TRAV4*01		CLVGVGSGYALNF	n	109.611	102.869	116.863	111.379	126.770	121.306
TRAV24*01		CAPSRGTYKYIF	n	106.259	101.606	112.166	107.791	121.072	116.385
TRAV2*01		CAVAMTTDSWGKLQF	n	124.720	115.462	134.335	127.024	144.865	139.092
TRAV14/DV4*02,TRAV14/DV4*01		CAINDYKLSF	n	82.634	77.552	91.809	85.530	104.631	97.776
TRAV8-3*01		CAVGNLMEYGNKLVF	n	114.776	107.320	123.594	117.051	135.622	129.279
TRAV17*01		CATGAGGAQKLVF	n	76.975	69.646	88.568	80.676	103.152	95.251
TRAV27*01		CAGVPGGSEKLVF	n	97.139	89.035	105.985	99.439	116.744	110.764
TRAV29/DV5*01		CAGLRSSNTGKLIF	n	93.513	86.271	105.985	97.748	118.604	111.760
TRAV23/DV6*01		CAASMRTDKLIF	n	87.909	81.607	97.496	90.870	108.458	102.604
TRAV19*01		CALSNGQKLLF	n	98.183	94.430	103.924	99.862	113.319	108.321
TRAV14/DV4*01		CAMREDFYSRRALTF	n	105.765	94.732	123.539	111.403	143.375	132.997
TRAV8-1*01		CAVNAGAGNNRKLIW	n	117.633	109.463	125.709	119.467	135.828	130.367
TRAV21*01		CAVKSFQEYGNKLVF	n	104.446	97.430	112.001	106.175	122.181	116.457
TRAV10*01		CVVSARGGGSNYKLTF	n	120.929	108.325	133.072	123.900	144.365	137.932
TRAV5*01		CAVWPSSASKIIF	n	95.161	88.167	104.968	98.117	115.168	109.678
TRAV29/DV5*01		CAAWGRGNSGGSNYKLTF	n	124.940	118.704	137.137	129.295	148.225	142.244
TRAV6*01		CALDISRAQKLVF	n	109.776	105.534	115.929	111.669	124.291	119.733
TRAV12-2*01,TRAV12-2*03		CAVSHSGNTPLVF	n	59.338	56.223	64.036	60.696	71.193	67.329
TRAV23/DV6*01		CAASIGSSGSARQLTF	n	112.523	106.424	122.468	115.734	133.882	127.631
TRAV12-3*01		CAMTSSGNTPLVF	n	66.591	64.250	74.255	69.391	89.592	81.452
TRAV35*01		CAGTSGGGADGLTF	n	92.963	88.546	101.644	95.841	120.985	110.911
TRAV19*01		CALSEARDYQKVTF	n	123.511	119.902	130.489	125.847	140.493	135.259
TRAV1-2*01		CAARYGGATNKLIF	n	86.974	81.211	101.205	92.424	115.983	108.212
TRAV3*01		CAVRASTTSGTYKYIF	n	131.808	121.929	142.055	134.382	151.726	146.293
TRAV2*01		CACEYSAFLLLGDNRGTDKLIF	n	169.444	161.938	175.845	170.595	189.546	182.322
TRAV23/DV6*01		CAASIPQAAGNKLTF	n	94.227	83.585	107.303	97.819	120.996	113.429
TRAV24*01		CALSPGGYNKLIF	n	93.623	87.980	101.974	96.130	112.449	106.814
TRAV20*01		CAVQLHTGGFKTIF	n	106.864	97.304	119.720	110.677	132.012	125.379
TRAV16*01		CALSGYDAGGTSYGKLTF	n	130.160	121.105	141.890	133.635	154.021	147.174
TRAV23/DV6*01		CAARTMSGGTSYGKLTF	n	119.501	113.688	131.121	123.465	145.789	138.051
TRAV13-1*01		CAASIDTSTGNQFYF	n	98.787	93.370	106.424	101.047	118.702	112.035
TRAV4*01		CLSLNQAGTALIF	n	113.567	105.259	124.226	116.590	135.372	129.218
TRAV12-1*01		CPFTGGGNKLTF	n	44.174	38.954	51.619	46.176	61.721	56.461
TRAV26-2*01		CSDVYAGGTSYGKLTF	n	127.248	118.138	139.280	130.825	152.118	145.069
TRAV14/DV4*02		CAMRAHNGGFKTIF	n	104.721	98.089	117.056	108.294	135.100	125.951
TRAV19*01		CALSGVVDSSYKLIF	n	122.358	117.199	130.050	124.533	141.059	135.336
TRAV5*01		CAETGYSTLTF	n	82.304	76.046	91.123	84.832	101.260	95.773
TRAV23/DV6*01		CAASRRAGYSTLTF	n	100.985	97.304	109.474	104.038	123.008	116.030
TRAV9-2*01		CALSHPRLGGYQKVTF	n	134.940	131.088	142.220	137.318	151.433	146.560
TRAV26-1*01		CIVRVGRTGANSKLTF	n	130.269	120.979	139.472	132.457	148.801	143.584
TRAV3*01		CAVRDTSPQPTGGFKTIF	n	140.544	129.786	153.153	143.887	166.678	159.267
TRAV8-3*01		CAVGAATNAGKSTF	n	114.501	104.666	126.671	117.755	139.971	132.749
TRAV12-2*01,TRAV12-2*03		CAVNPLGNSNSGYALNF	n	91.315	88.733	95.848	92.800	103.337	99.248
TRAV24*01		CAPIYNQGGKLIF	n	112.523	107.611	117.880	113.785	125.813	121.542
TRAV13-1*01		CAATGGSQGNLIF	n	88.788	82.810	95.381	90.568	104.239	99.227
TRAV29/DV5*01		CAASGWTTDSWGKLQF	n	108.457	102.084	118.457	111.397	130.598	124.265
TRAV2*01		CAVELRSGNTPLVF	n	114.391	102.584	126.259	117.186	138.286	131.529
TRAV8-4*01		CAVTFGGQKLLF	n	103.073	99.787	108.375	104.582	117.223	112.536
TRAV34*01		CGANGGGFGNVLHC	n	98.952	95.617	109.089	102.698	122.203	115.538
TRAV29/DV5*01		CAASADGGSQGNLIF	n	99.227	92.046	112.853	103.957	128.314	120.265
TRAV9-2*01		CALSSQIGFGNVLHC	n	112.853	109.226	121.808	115.965	135.752	128.600
TRAV38-1*01,TRAV38-1*03		CAFTRWGGGADGLTF	n	101.205	95.046	110.023	103.860	128.238	118.435
TRAV12-3*01		CAMSGPIGSQGNLIF	n	91.480	87.485	97.743	93.217	111.264	104.343
TRAV39*01		CAVHGGSQGNLIF	n	118.292	114.841	122.303	119.229	129.010	125.259
TRAV2*01		CAVERGRNTGFQKLVF	n	117.907	109.825	127.385	120.378	137.949	132.120
TRAV19*01		CALSEAGHNNAGNMLTF	n	133.346	127.605	142.934	136.510	155.108	148.679
TRAV6*01		CALPPGANNLFF	n	103.952	99.842	110.023	105.919	118.169	113.484
TRAV14/DV4*02		CAMSRSKTSYDKVIF	n	117.413	111.149	126.506	119.963	138.253	131.955
TRAV4*01		CLVGGYSGYSTLTF	n	106.809	98.793	119.528	110.917	132.708	125.558
TRAV12-2*01,TRAV12-2*03		CAVILSSNTGKLIF	n	64.723	61.992	70.684	66.849	79.403	74.764
TRAV12-1*01		CVVNMRQGGTSYGKLTF	n	92.798	86.090	100.573	94.788	110.655	105.140
TRAV39*01		CAVDQYNNDMRF	n	111.149	105.523	119.446	113.543	129.869	124.331
TRAV35*01		CAGRYRVNRKLTF	n	121.314	117.852	127.165	123.221	134.056	130.261
TRAV8-4*01		CAVKTPGANNLFF	n	115.325	110.050	122.495	117.437	131.577	126.722
TRAV9-2*01		CALNPSGSARQLTF	n	119.556	112.490	126.259	121.007	134.589	130.004
TRAV24*01		CAFSNNQGGKLIF	n	107.303	102.391	113.924	109.286	121.703	117.436
TRAV13-1*01		CAAKEGDSGGYQKVTF	n	99.392	92.244	109.968	102.539	123.138	116.137
TRAV38-2/DV8*01		CAYPPAGGTSYGKLTF	n	103.018	98.408	121.067	110.259	142.646	131.459
TRAV24*01		CASPRGGADGLTF	n	89.996	85.497	96.150	91.577	113.993	105.269
TRAV29/DV5*01		CAASPLIIQGAQKLVF	n	101.864	93.969	111.314	104.405	124.574	117.506
TRAV12-1*01		CVVYDPSSNTGKLIF	n	86.315	83.134	91.700	88.054	100.966	95.936
TRAV9-2*01		CGRGGYNKLIF	n	94.557	91.194	100.051	96.254	108.350	103.679
TRAV19*01		CALSEWTNYGGSQGNLIF	n	142.247	131.561	155.433	145.828	169.723	161.962
TRAV16*01		CALIGPHRGSTLGRLYF	n	138.566	131.610	146.533	140.589	156.641	151.222
TRAV27*01		CAGRKRLTF	n	85.106	77.876	95.738	88.397	109.698	102.024
TRAV1-2*01		CAVRAVNNAGNMLTF	n	95.106	89.436	107.770	99.459	126.161	116.684
TRAV23/DV6*01		CAASKPVRDDKIIF	n	104.007	97.672	113.155	106.789	125.107	118.656
TRAV27*01		CAGRTDKLIF	n	85.656	77.425	96.342	88.710	108.915	102.230
TRAV12-1*01		CVVNRFSGGYNKLIF	n	72.525	70.475	77.772	74.414	87.765	82.420
TRAV39*01		CAVRIMDSNYQLIW	n	121.973	118.193	129.720	124.626	139.156	134.168
TRAV13-1*01		CAASTLGGNNRLAF	n	88.128	81.585	97.359	90.906	106.099	101.150
TRAV14/DV4*02		CAMREGANNFNKFYF	n	109.281	99.694	123.072	113.744	137.557	129.526
TRAV23/DV6*01		CAASGGASGSRLTF	n	91.755	83.216	103.485	95.350	115.287	108.887
TRAV12-3*01		CAMSDRYSSASKIIF	n	88.348	85.112	94.447	89.932	109.709	101.936
TRAV12-1*01		CVVNENNNDMRF	n	62.964	58.701	70.080	65.219	80.414	74.978
TRAV8-3*01		CAVGGWDTGRRALTF	n	119.720	110.556	130.791	122.680	143.484	136.601
TRAV4*01		CLRHRFSGGYNKLIF	n	119.775	115.023	127.440	122.024	138.340	132.675
TRAV8-4*01		CAVSSAAGNKLTF	n	101.699	97.947	108.512	103.774	119.506	113.752
TRAV26-1*01		CIVLKRDNNDMRF	n	120.160	112.451	131.149	123.455	141.668	135.956
TRAV29/DV5*01		CAANKIGGTSYGKLTF	n	105.325	99.826	116.946	109.491	131.076	123.420
TRAV12-1*01		CVPLMNTGFQKLVF	n	71.151	69.651	76.453	73.158	85.623	80.834
TRAV5*01		CAVGGSSNTGKLIF	n	86.810	81.134	96.672	89.916	109.698	102.671
TRAV13-1*01		CAALLGYKLSF	n	73.898	68.981	81.425	76.161	91.897	86.376
TRAV8-6*01		CAVSEREYGNKLVF	n	104.501	99.974	112.056	106.795	122.605	116.893
TRAV13-1*01		CAAPSYNQGGKLIF	n	93.897	89.024	101.644	96.350	111.710	106.243
TRAV16*01		CALSMDSSYKLIF	n	103.347	97.837	110.875	105.390	120.224	115.179
TRAV8-6*01		CAVSQSTSGTYKYIF	n	120.600	115.644	128.099	122.999	138.580	132.966
TRAV24*01		CAFPGAGNQFYF	n	101.589	96.298	108.265	103.407	120.159	113.917
TRAV12-3*01		CAMSAFGNAGNNRKLIW	n	92.798	90.397	100.765	95.536	118.093	109.379
TRAV19*01		CALSDPDTGTASKLTF	n	126.423	116.660	137.220	129.141	149.051	142.450
TRAV6*01		CALMAYNQGGKLIF	n	120.819	115.913	126.039	122.036	134.578	129.940
TRAV20*01		CAVLAYGGGSQGNLIF	n	121.643	112.649	134.692	125.880	147.203	140.324
TRAV2*01		CACDNTGASSWDT	n	122.523	113.495	130.874	124.188	140.537	135.238
TRAV21*01		CAGVMIKAAGNKLTF	n	103.787	96.095	113.842	106.651	124.595	118.678
TRAV17*01		CATDLRDTGGFKTIF	n	95.161	88.755	114.666	102.770	133.947	123.891
TRAV30*01		CGTEEESSNYKLTF	n	116.589	110.935	123.044	118.305	131.870	127.039
TRAV41*01		CAGRNAGGTSYGKLTF	n	120.654	111.567	129.830	122.782	140.232	134.430
TRAV21*01		CAGRGDDARLMF	n	89.282	81.837	97.798	91.383	109.035	103.105
TRAV13-1*01		CAARKGSAGNNRKPIW	n	117.633	110.413	126.121	119.912	135.665	130.505
TRAV17*01		CAADIQGAQKLVF	n	78.403	70.750	95.655	84.806	111.949	103.309
TRAV16*01		CARPKQLTF	n	87.634	80.865	96.122	89.913	106.414	100.639
TRAV9-2*01		CALISANQAGTALIF	n	128.237	123.127	137.577	131.395	147.997	142.459
TRAV6*01		CALVKDTGRRALTF	n	118.347	111.160	129.390	121.877	140.830	134.626
TRAV4*01		CLVVGNSGNTPLVF	n	118.951	112.880	127.467	121.401	136.764	131.639
TRAV24*01		CALRGYNNNDMRF	n	108.842	101.628	118.896	111.792	130.707	124.374
TRAV14/DV4*02		CAMTKAAGNKLTF	n	96.809	91.359	106.012	99.768	117.767	111.479
TRAV40*01		CLLPFMEYGNKLVF	n	121.424	118.572	125.352	122.596	132.370	128.571
TRAV12-3*01		CAGRVNTGNQFYF	n	82.524	79.826	88.376	84.537	99.520	93.618
TRAV9-2*01		CALSRAGNNNARLMF	n	130.434	125.687	136.203	132.009	143.549	139.639
TRAV26-1*01		CIANINTGFQKLVF	n	114.171	108.012	121.451	116.136	129.184	124.804
TRAV22*01		CTGNTPLVF	n	87.469	85.238	92.194	88.924	102.456	97.039
TRAV14/DV4*01		CAMREMDSNYQLIW	n	92.084	81.760	108.485	97.098	129.815	118.738
TRAV2*01		CAVDYSGGYQKVTF	n	116.918	108.342	126.423	119.356	134.991	130.194
TRAV20*01		CAVQASGGSNYKLTF	n	110.325	102.787	117.660	111.885	127.444	122.231
TRAV8-6*01		CAVRPSGGGADGLTF	n	101.754	96.842	109.199	103.856	125.857	117.305
TRAV12-3*01		CSNAGGTSYGKLTF	n	70.217	65.541	79.667	73.492	92.419	85.368
TRAV24*01		CARPGAGSYQLTF	n	103.622	98.749	112.166	106.368	123.073	117.275
TRAV21*01		CAVRDGGATNKLIF	n	98.073	90.908	105.518	99.849	115.287	109.966
TRAV1-2*01		CAVRDEEGFKTIF	n	76.371	68.695	97.029	84.037	119.419	108.000
TRAV13-2*01		CAAVHNQGGKLIF	n	96.150	90.771	102.166	97.721	111.721	106.590
TRAV8-1*01		CAVNPRGNAGNNRKLIW	n	138.071	129.775	147.247	140.392	157.468	151.895
TRAV20*01		CAVQADTETSGSRLTF	n	120.984	111.660	131.561	123.888	142.092	136.288
TRAV23/DV6*01		CAASMRLRGKLIF	n	95.765	88.656	104.996	98.358	116.788	110.453
TRAV19*01		CALSEADMEYGNKLVF	n	129.665	125.489	135.681	131.489	144.343	139.566
TRAV1-2*01		CAVSHLRTGKLIF	n	84.063	77.167	98.485	89.267	114.754	106.221
TRAV26-1*01		CIVRVVYNQGGKLIF	n	125.654	116.880	134.555	127.797	144.734	139.143
TRAV36/DV7*03,TRAV36/DV7*02		CAILYNNNDMRF	n	102.468	95.573	111.699	105.276	121.442	115.948
TRAV13-1*01		CAASKQARLMF	n	81.590	77.475	88.293	83.698	98.128	92.742
TRAV25*01		CAGLNGAGSYQLTF	n	102.633	94.848	114.611	106.238	128.804	121.414
TRAV8-4*06,TRAV8-4*01		CAVSDRMEYGNKLVF	n	114.940	110.369	123.484	117.769	135.056	129.063
TRAV1-2*01		CAVRDPNTGFQKLVF	n	88.952	82.392	104.446	95.000	119.050	110.998
TRAV13-2*01		CAEIGGSYIPTF	n	93.897	86.953	102.798	96.416	113.286	107.422
TRAV39*01		CAVDLSSGNTPLVF	n	118.017	114.001	124.665	120.121	133.556	128.778
TRAV14/DV4*01		CAMSLGDGYNKLIF	n	94.392	88.332	104.281	97.533	117.071	110.282
TRAV39*01		CAGDLNAGGTSYGKLTF	n	134.665	127.643	143.208	136.956	154.043	148.060
TRAV12-3*01		CAMSSPGGFKTIF	n	76.810	74.838	81.590	78.241	95.366	88.214
TRAV29/DV5*01		CAASYLFQGAQKLVF	n	94.831	87.255	104.584	97.419	117.549	110.659
TRAV1-1*01		CAVSGHTGGFKTIF	n	105.325	102.490	113.127	108.068	125.226	119.035
TRAV17*01		CATDEGSSFNKFYF	n	87.249	79.563	105.161	94.104	122.345	113.127
TRAV21*01		CAVTSGNTGKLIF	n	90.820	85.315	98.128	92.815	109.089	103.173
TRAV29/DV5*01		CAAKKAAGNKLTF	n	85.436	79.925	94.639	88.431	107.480	100.799
TRAV12-3*01		CAPRGGRGGSNYKLTF	n	90.601	88.013	95.051	91.697	108.872	102.134
TRAV19*01		CALSEVWADSSYKLIF	n	130.269	124.676	138.428	132.542	149.649	143.802
TRAV14/DV4*01		CALPLTGSARQLTF	n	104.062	97.853	119.281	109.457	134.545	126.587
TRAV9-2*01		CALSEPSGTYKYIF	n	125.050	120.550	131.561	126.933	140.265	135.681
TRAV13-1*01		CAASMGGQGSQGNLIF	n	105.490	98.183	115.545	108.435	127.216	121.070
TRAV24*01		CAFYNTNAGKSTF	n	115.105	108.342	123.511	117.435	133.523	127.987
TRAV14/DV4*01		CALGERASDMRF	n	103.732	97.980	113.155	106.779	124.704	118.410
TRAV8-4*06,TRAV8-4*01		CAVTRANFGNEKLTF	n	88.568	85.931	95.051	90.682	119.419	107.294
TRAV13-2*01		CAETGTSYGKLTF	n	90.381	86.013	96.809	92.236	107.382	101.755
TRAV23/DV6*01		CAASRDLGGGSEKLVF	n	104.227	100.326	110.325	106.011	122.943	116.331
TRAV26-1*01		CIAMGGYNFNKFYF	n	123.017	117.221	129.143	124.440	138.547	133.458
TRAV29/DV5*01		CAASAESSGGSNYKLTF	n	113.512	106.073	123.704	116.620	135.915	129.404
TRAV27*01		CAGGYNDYKLSF	n	93.128	84.354	103.347	95.753	116.059	109.296
TRAV12-1*01		CVVNWSGYALNF	n	65.986	64.052	70.382	67.395	78.468	74.140
TRAV2*01		CAVAPRNQAGTALIF	n	124.226	113.155	137.632	128.058	149.671	142.978
TRAV1-1*01		CAVRSILTGGGNKLTF	n	110.545	106.007	118.951	113.177	131.794	125.012
TRAV9-2*01		CALRRLSGGSYIPTF	n	138.236	129.995	146.587	140.156	155.413	150.469
TRAV16*01		CALSGLNTNAGKSTF	n	118.622	110.638	129.006	121.655	139.558	133.748
TRAV39*01		CAVDVPNYGGSQGNLIF	n	146.368	137.231	155.873	148.702	166.004	160.334
TRAV9-2*01,TRAV13-2*01,TRAV9-1*01		CALGGTNIPPGMVLHTDKLIF	n	156.257	153.697	161.367	158.020	169.658	165.185
TRAV12-1*01		CVVNDTMEYGNKLVF	n	74.557	70.948	81.068	76.823	89.483	84.848
TRAV22*01		CAVLLRNQGGKLIF	n	114.721	111.567	119.501	116.197	125.955	122.488
TRAV14/DV4*01		CAMREGGASKIIF	n	86.645	78.678	101.946	92.005	116.451	108.494
TRAV21*01		CAFSGSARQLTF	n	89.722	83.535	96.177	91.280	105.185	100.177
TRAV8-1*01		CAVLEAGNMLTF	n	97.908	90.755	108.540	101.219	119.789	113.719
TRAV1-1*01		CAVRDGDGSAGQLTF	n	102.798	94.694	115.050	106.799	127.499	120.564
TRAV26-2*01		CILSGDARLMF	n	102.963	97.930	109.721	104.845	120.670	114.922
TRAV4*01		CLVGVPPNSGYALNF	n	128.182	119.534	137.604	130.660	147.605	142.068
TRAV1-2*01		CAVRDWGDKIIF	n	69.448	63.129	88.870	77.168	107.719	98.031
TRAV17*01		CATDGDTNAGKSTF	n	88.458	83.639	105.737	95.130	125.781	115.488
TRAV8-6*01		CAVTTYSSASKIIF	n	113.402	106.968	123.841	116.855	134.719	128.916
TRAV26-1*01		CIVRVAHYGQNFVF	n	118.347	109.572	132.247	122.637	145.778	138.437
TRAV8-4*01		CAVTLTSGTYKYIF	n	123.402	118.891	130.984	125.785	140.656	135.516
TRAV9-2*01		CALRDLLTGGGNKLTF	n	126.369	121.325	133.703	128.689	142.929	137.952
TRAV8-4*06,TRAV8-4*01		CAVSDPVSSGSARQLTF	n	132.028	121.545	145.241	135.813	158.860	151.389
TRAV29/DV5*01		CAAPRPYKYIF	n	89.886	83.986	99.337	92.798	110.687	104.651
TRAV2*01		CAVEGGNNARLMF	n	105.435	96.051	115.655	108.147	125.302	119.920
TRAV38-2/DV8*01		CAYSRPQGGSEKLVF	n	94.776	84.909	108.787	99.145	126.053	116.697
TRAV1-2*01		CAVRDGPTEENQGGKLIF	n	111.699	104.672	129.720	118.672	147.562	138.256
TRAV6*01		CALDFGGFKTIF	n	103.347	95.513	112.688	105.740	123.791	117.727
TRAV26-1*01		CIALTYTNAGKSTF	n	120.490	114.693	133.319	125.178	146.496	139.556
TRAV12-1*01		CVVAARAAGNKLTF	n	70.766	66.212	77.030	72.563	86.177	81.358
TRAV2*01		CAVPRRGGSTLGRLYF	n	136.918	127.561	146.505	139.315	157.490	151.459
TRAV21*01		CAVRPSRNTDKLIF	n	101.864	93.403	111.287	104.310	120.866	115.701
TRAV12-1*01		CVVNVGNTNAGKSTF	n	77.140	70.882	84.008	78.815	96.529	90.036
TRAV38-1*01		CAFMPPYNFNKFYF	n	110.875	102.479	125.792	115.901	140.733	132.718
TRAV8-4*03,TRAV8-2*01,TRAV8-4*01		CGGGGKLIF	n	80.766	76.184	88.925	83.529	99.465	93.627
TRAV41*01		CAVGAKTQGGSEKLVF	n	121.973	118.649	127.248	123.565	134.154	130.455
TRAV38-1*01		CAFMDNNNDMRF	n	98.073	91.661	109.748	101.988	125.726	117.359
TRAV19*01		CALSEAGSRSGGGADGLTF	n	135.104	128.484	145.516	138.128	162.611	153.607
TRAV12-2*01,TRAV12-2*03		CAVKRLTGGGNKLTF	n	63.129	59.399	69.255	65.158	77.554	73.046
TRAV5*01		CAEWHNQGGKLIF	n	88.952	81.881	98.403	91.660	110.285	103.898
TRAV12-2*01,TRAV12-2*03		CAVTDTGGSYIPTF	n	78.294	75.134	82.030	79.184	89.124	85.217
TRAV29/DV5*01		CAASVRNNNARLMF	n	96.040	89.051	105.902	98.907	118.539	111.685
TRAV39*01		CAVDVGGTSYGKLTF	n	120.929	115.627	127.083	122.549	136.035	131.195
TRAV13-2*01		CAENNHSGYSTLTF	n	97.633	92.293	106.919	100.717	118.734	112.447
TRAV17*01		CATDARGSGGSYIPTF	n	112.578	106.073	130.627	119.596	149.301	139.671
TRAV22*01		CAVGGGTQTSGSRLTF	n	116.918	112.677	121.451	117.921	129.413	125.221
TRAV38-1*01,TRAV38-1*03		CAFWGTNAGKSTF	n	100.051	91.617	114.144	104.365	131.229	122.389
TRAV30*01		CGTETYNFNKFYF	n	116.369	111.259	122.220	117.904	130.478	125.900
TRAV25*01		CLTGANNLFF	n	95.436	87.062	103.924	97.412	113.471	108.241
TRAV6*01		CALDLGGFKTIF	n	101.150	93.040	111.534	104.007	123.204	116.889
TRAV40*01		CLLGASSGNTPLVF	n	122.413	118.056	128.017	123.964	134.621	130.985
TRAV13-2*01		CAENMGSFQKLVF	n	88.733	83.760	95.353	90.585	104.794	99.681
TRAV8-6*01		CAVIFTMDSSYKLIF	n	121.863	116.067	129.500	124.160	139.580	134.048
TRAV29/DV5*01		CAAGAVDSWGKLQF	n	96.589	92.222	105.628	99.685	117.886	111.412
TRAV14/DV4*02		CAMREVNAGKSTF	n	100.930	93.694	113.732	105.058	130.141	121.451
TRAV9-2*01		CALSDRWATSYDKVIF	n	134.115	127.830	142.522	136.524	152.705	147.163
TRAV14/DV4*01		CALGEGNSGYALNF	n	98.787	86.678	113.155	102.712	127.379	119.609
TRAV35*01		CAGQLPGGTSYGKLTF	n	129.775	123.099	139.582	132.835	151.128	144.870
TRAV5*01		CVLPFGNEKLTF	n	78.678	72.981	87.387	81.370	97.910	92.337
TRAV12-2*01,TRAV12-2*03		CAVGVYNQGGKLIF	n	60.107	57.498	64.805	61.623	73.302	68.881
TRAV1-1*01		CAVRIGFQKLVF	n	86.370	83.689	93.732	89.036	105.196	99.239
TRAV17*01		CATAPKLNNNNDMRF	n	108.402	101.468	123.621	114.085	139.961	131.435
TRAV9-2*01		CALRSVGSGGSNYKLTF	n	141.698	135.841	147.439	143.027	155.750	151.141
TRAV36/DV7*02		CAVESGDPGSARQLTF	n	126.423	121.704	132.852	128.292	141.070	136.553
TRAV13-1*01		CAAPGWANAGNNRKLIW	n	115.380	109.001	123.841	117.627	136.068	129.684
TRAV14/DV4*01		CAMREGRTDDKIIF	n	96.315	88.480	109.803	100.662	127.020	118.048
TRAV29/DV5*01		CAASAQFSSNTGKLIF	n	103.512	95.084	117.880	108.470	131.163	123.671
TRAV26-2*01		CILIYGGSQGNLIF	n	123.347	116.457	133.374	126.491	143.223	137.893
TRAV21*01		CAVRPEEETSGSRLTF	n	119.061	109.765	128.813	121.469	138.590	133.130
TRAV30*01		CGTEGSSGTYKYIF	n	115.435	108.781	124.528	118.095	135.339	129.346
TRAV23/DV6*01		CAASAGGGADGLTF	n	78.074	74.123	87.442	81.127	104.522	95.367
TRAV14/DV4*02,TRAV14/DV4*01		CAMWTLRGSYIPTF	n	115.765	110.732	129.335	120.660	145.539	137.377
TRAV12-1*01		CVVNRGGGADGLTF	n	37.196	31.400	49.778	41.593	71.291	60.357
TRAV12-1*01		CVVNAASGAGSYQLTF	n	90.930	87.881	95.463	92.252	104.337	99.708
TRAV2*01		CAVGYNINDMRF	n	109.007	101.869	117.303	111.094	128.108	122.381
TRAV9-2*01		CALRSNSGYSTLTF	n	117.138	110.638	126.643	120.102	137.329	131.467
TRAV1-1*01		CAVRDPGDDKIIF	n	91.755	86.826	103.293	96.006	116.897	109.932
TRAV1-1*01		CAVRGGGYNKLIF	n	86.425	82.815	93.046	88.554	103.674	98.108
TRAV10*01		CVVSRLSSASKIIF	n	111.809	101.304	124.253	115.288	136.742	129.743
TRAV38-1*01		CAFMKRSAAGNKLTF	n	103.018	96.666	118.072	108.422	135.720	126.594
TRAV8-4*01		CAVSGHGAGNMLTF	n	111.479	107.067	118.209	113.492	129.489	123.422
TRAV24*01		CASLPGSSYKLIF	n	105.820	100.946	112.028	107.498	121.551	116.317
TRAV14/DV4*01		CAMRPANNNDMRF	n	101.974	97.859	112.440	105.445	129.598	121.065
TRAV6*01		CALDPYSGGGADGLTF	n	112.633	106.606	122.358	115.648	138.841	129.953
TRAV12-3*01		CAMSPVTIIQGAQKLVF	n	87.029	85.002	94.282	89.688	111.851	103.067
TRAV26-2*01		CILSRRNNNAGNMLTF	n	128.896	123.143	137.165	131.384	149.084	142.847
TRAV19*01		CALTRRIYNQGGKLIF	n	138.071	133.577	144.170	139.869	152.498	148.013
TRAV1-2*01		CAVPGRALTF	n	77.250	70.618	89.172	81.325	102.989	95.637
TRAV1-2*01		CAVRDYNGGSQGNLIF	n	98.512	92.540	119.226	106.783	140.091	129.344
TRAV2*01		CAGYNFNKFYF	n	105.655	97.688	112.990	107.157	122.432	117.148
TRAV22*01		CAVGYGGSQGNLIF	n	111.259	108.149	115.765	112.567	123.062	119.219
TRAV26-2*01		CISMGPYGQNFVF	n	118.896	112.430	129.967	122.601	141.157	135.145
TRAV14/DV4*01		CAMRGDGQNFVF	n	94.282	88.502	106.150	98.243	122.573	114.119
TRAV8-1*01		CAVNGASGTYKYIF	n	117.742	110.957	127.028	120.578	136.774	131.452
TRAV5*01		CAESSYDMRF	n	79.447	72.728	88.733	82.279	101.162	94.269
TRAV26-2*01		CILRESGNTPLVF	n	110.765	103.858	119.528	113.143	130.206	124.478
TRAV6*01		CVREGGSSNTGKLIF	n	115.545	111.083	122.605	117.735	133.567	127.680
TRAV10*01		CVVSGAGSYQLTF	n	96.919	85.145	108.787	99.794	122.692	115.161
TRAV38-1*01		CAFMKQEAAGNKLTF	n	101.040	95.051	116.891	106.861	135.198	125.734
TRAV14/DV4*02		CAMREGSGRGSTLGRLYF	n	125.434	115.885	140.764	130.247	159.588	149.741
