cdr1.alpha	cdr2.alpha	cdr2.5.alpha	cdr3.alpha	cdr1.beta	cdr2.beta	cdr2.5.beta	cdr3.beta	v.alpha	v.beta	epitope.seq	species	IGYVYQGL_B_nbrdist5	IGYVYQGL_B_wtd_nbrdist5	IGYVYQGL_B_nbrdist10	IGYVYQGL_B_wtd_nbrdist10	IGYVYQGL_B_nbrdist25	IGYVYQGL_B_wtd_nbrdist25	KGYVYQGL_B_nbrdist5	KGYVYQGL_B_wtd_nbrdist5	KGYVYQGL_B_nbrdist10	KGYVYQGL_B_wtd_nbrdist10	KGYVYQGL_B_nbrdist25	KGYVYQGL_B_wtd_nbrdist25	RGGASQYRPSQ_B_nbrdist5	RGGASQYRPSQ_B_wtd_nbrdist5	RGGASQYRPSQ_B_nbrdist10	RGGASQYRPSQ_B_wtd_nbrdist10	RGGASQYRPSQ_B_nbrdist25	RGGASQYRPSQ_B_wtd_nbrdist25	RGYVYDGL_B_nbrdist5	RGYVYDGL_B_wtd_nbrdist5	RGYVYDGL_B_nbrdist10	RGYVYDGL_B_wtd_nbrdist10	RGYVYDGL_B_nbrdist25	RGYVYDGL_B_wtd_nbrdist25	RGYVYEGL_B_nbrdist5	RGYVYEGL_B_wtd_nbrdist5	RGYVYEGL_B_nbrdist10	RGYVYEGL_B_wtd_nbrdist10	RGYVYEGL_B_nbrdist25	RGYVYEGL_B_wtd_nbrdist25	RGYVYKGL_B_nbrdist5	RGYVYKGL_B_wtd_nbrdist5	RGYVYKGL_B_nbrdist10	RGYVYKGL_B_wtd_nbrdist10	RGYVYKGL_B_nbrdist25	RGYVYKGL_B_wtd_nbrdist25	RGYVYQGL_B_nbrdist5	RGYVYQGL_B_wtd_nbrdist5	RGYVYQGL_B_nbrdist10	RGYVYQGL_B_wtd_nbrdist10	RGYVYQGL_B_nbrdist25	RGYVYQGL_B_wtd_nbrdist25
EDST......FD	AISLV...SN	FNKRE.	CAATGSFNKLTF	NNH.......NN	SYG....AGS	P.SQEN	CASGGQGRAEQFF	TRAV14D-2*01	TRBV13-2*01	GNSHRGAIEWEGIESG	MusMusculus	96.040	96.040	96.040	96.040	96.040	96.040	96.040	96.040	96.040	96.040	96.040	96.040	83.513	83.513	83.513	83.513	83.513	83.513	161.807	161.807	161.807	161.807	161.807	161.807	155.543	155.543	155.543	155.543	159.371	158.327	122.138	122.138	122.138	122.138	122.138	122.138	83.513	83.513	83.513	83.513	83.513	83.513
EDST......FN	SIRSV...SD	FNKRE.	CAARYQGGRALIF	NSQ......YPW	LRS....PGD	V.TDTE	CTCSAAPDWGASAETLYF	TRAV14-1*01	TRBV1*01	KVITFIDL	MusMusculus	150.324	150.324	150.324	150.324	150.324	150.324	153.455	153.455	153.455	153.455	153.455	153.455	140.928	140.928	140.928	140.928	140.928	140.928	146.148	146.148	146.148	146.148	146.148	146.148	125.270	125.270	125.270	125.270	140.928	136.579	145.104	145.104	145.104	145.104	145.104	145.104	159.719	159.719	159.719	159.719	161.285	160.763
ENSA......FD	SILSV...SD	FNKRE.	CAASANSGTYQRF	NNH.......NN	SYG....AGS	P.SQEN	CASGDAGGGYEQYF	TRAV14-3*01	TRBV13-2*01	SRGGASQYRPSQ	MusMusculus	91.864	91.864	91.864	91.864	91.864	91.864	91.864	91.864	91.864	91.864	91.864	91.864	50.108	50.108	50.108	50.108	50.108	50.108	159.719	159.719	159.719	159.719	159.719	159.719	147.192	147.192	147.192	147.192	154.151	152.063	116.918	116.918	116.918	116.918	116.918	116.918	91.864	91.864	91.864	91.864	91.864	91.864
SASG......YP	RASRD...KE	YNKEA.	CALSENYGNEKITF	NNH.......NN	SYG....AGS	P.SQEN	CASGDASGAETLYF	TRAV6D-7*01	TRBV13-2*01	RGGASQYRPSQ	MusMusculus	104.391	104.391	104.391	104.391	104.391	104.391	104.391	104.391	104.391	104.391	104.391	104.391	25.054	25.054	25.054	25.054	25.054	25.054	144.060	144.060	144.060	144.060	144.060	144.060	126.314	126.314	126.314	126.314	137.797	134.839	108.567	108.567	108.567	108.567	108.567	108.567	110.655	110.655	110.655	110.655	113.787	112.743
SASG......YP	RASRD...KE	YNKEA.	CALSENYGNEKITF	NNH.......NN	SYG....AGS	P.SQEN	CASGDASGGNTLYF	TRAV6D-7*01	TRBV13-2*01	RGGASQYRPSQ	MusMusculus	79.337	79.337	79.337	79.337	79.337	79.337	79.337	79.337	79.337	79.337	79.337	79.337	25.054	25.054	25.054	25.054	25.054	25.054	119.006	119.006	119.006	119.006	119.006	119.006	130.489	130.489	130.489	130.489	131.185	131.011	83.513	83.513	83.513	83.513	83.513	83.513	91.864	91.864	91.864	91.864	96.562	94.996
STTM.......K	YLAQ.....G	FNSKE.	CAAEDGGSGNKLIF	NNH.......DY	SYV....ADS	P.SQEN	CASSWDRAGNTLYF	TRAV4-2*01	TRBV13-3*01	GAMKRHGLDNYRGYSLG	MusMusculus	70.986	70.986	70.986	70.986	70.986	70.986	70.986	70.986	70.986	70.986	70.986	70.986	78.294	78.294	78.294	78.294	78.294	78.294	107.523	107.523	107.523	107.523	107.523	107.523	120.050	120.050	120.050	120.050	121.442	120.746	72.030	72.030	72.030	72.030	72.030	72.030	74.118	74.118	74.118	74.118	85.079	81.425
ATISG.....NE	HGLQ.....Q	IASDR.	CILSGGSNYKLTF	MSH.......ET	SYD....VDS	K.KREH	CASSFGREQYF	TRAV21/DV12*01	TRBV29*01	SSLENFRAYV	MusMusculus	73.074	73.074	73.074	73.074	73.074	73.074	85.601	85.601	85.601	85.601	85.601	85.601	143.016	143.016	143.016	143.016	143.016	143.016	148.236	148.236	148.236	148.236	148.236	148.236	144.060	144.060	144.060	144.060	145.800	145.104	114.831	114.831	114.831	114.831	114.831	114.831	73.074	73.074	73.074	73.074	79.337	77.250
TTTT.......R	YLAS.....G	FDSKE.	CAAEPSSGQKLVF	KGH.......PV	FQN....QEV	P.SNSP	CASSLNNANSDYTF	TRAV4D-4*01	TRBV26*01	ADLIAYLKQATKG	MusMusculus	94.996	94.996	94.996	94.996	94.996	94.996	104.391	104.391	104.391	104.391	104.391	104.391	160.763	160.763	160.763	160.763	160.763	160.763	86.645	86.645	86.645	86.645	86.645	86.645	42.800	42.800	42.800	42.800	68.898	61.591	141.972	141.972	141.972	141.972	141.972	141.972	132.577	132.577	132.577	132.577	138.841	136.753
STTG......YP	QVTTA...NN	YDKGT.	CAANSGTYQRF	NNH.......NN	SYG....AGS	P.SQEN	CASGDFWGDTLYF	TRAV6-3*01	TRBV13-2*01	WIYVYRPMGCGGS	MusMusculus	80.381	80.381	80.381	80.381	80.381	80.381	80.381	80.381	80.381	80.381	80.381	80.381	42.800	42.800	42.800	42.800	42.800	42.800	130.489	130.489	130.489	130.489	130.489	130.489	127.357	127.357	127.357	127.357	131.185	129.967	88.733	88.733	88.733	88.733	88.733	88.733	83.513	83.513	83.513	83.513	88.211	86.645
TTTT.......R	YLAS.....G	FDSKE.	CAALRATGGNNKLTF	KGH.......PV	FQN....QEV	P.SNSP	CASSLNWSQDTQYF	TRAV4D-4*01	TRBV26*01	PADPLAFFSSAIKGGGGSLV	MusMusculus	138.841	138.841	138.841	138.841	138.841	138.841	141.972	141.972	141.972	141.972	141.972	141.972	148.236	148.236	148.236	148.236	148.236	148.236	64.723	64.723	64.723	64.723	64.723	64.723	52.196	52.196	52.196	52.196	64.027	58.111	133.621	133.621	133.621	133.621	133.621	133.621	107.523	107.523	107.523	107.523	116.918	113.787
				NSH.......NY	SYG....AGN	T.TQED	CASSFGVSYEQYF		TRBV13-1*01	RGYVYQGL	MusMusculus	37.581	37.581	37.581	37.581	37.581	37.581	46.976	46.976	46.976	46.976	46.976	46.976	126.314	126.314	126.314	126.314	126.314	126.314	160.763	160.763	160.763	160.763	160.763	160.763	152.411	152.411	152.411	152.411	153.107	152.933	76.206	76.206	76.206	76.206	76.206	76.206	0.000	0.000	0.000	0.000	7.829	5.220
				NSH.......NY	SYG....AGN	T.TQED	CASSFHISYEQYF		TRBV13-1*01	RGYVYQGL	MusMusculus	50.108	50.108	50.108	50.108	50.108	50.108	40.713	40.713	40.713	40.713	40.713	40.713	126.314	126.314	126.314	126.314	126.314	126.314	160.763	160.763	160.763	160.763	160.763	160.763	147.192	147.192	147.192	147.192	148.236	147.888	76.206	76.206	76.206	76.206	76.206	76.206	0.000	0.000	0.000	0.000	7.829	5.220
				NSH.......NY	SYG....AGN	T.TQED	CASSLGVDAEQFF		TRBV13-1*01	RGYVYQGL	MusMusculus	46.976	46.976	46.976	46.976	46.976	46.976	50.108	50.108	50.108	50.108	50.108	50.108	129.445	129.445	129.445	129.445	129.445	129.445	153.455	153.455	153.455	153.455	153.455	153.455	137.797	137.797	137.797	137.797	139.536	139.015	88.733	88.733	88.733	88.733	88.733	88.733	0.000	0.000	0.000	0.000	14.093	9.395
				NSH.......NY	SYG....AGN	T.TQED	CASSLGVGDTQYF		TRBV13-1*01	RGYVYQGL	MusMusculus	46.976	46.976	46.976	46.976	46.976	46.976	46.976	46.976	46.976	46.976	46.976	46.976	101.260	101.260	101.260	101.260	101.260	101.260	125.270	125.270	125.270	125.270	125.270	125.270	124.226	124.226	124.226	124.226	131.881	129.619	67.854	67.854	67.854	67.854	67.854	67.854	0.000	0.000	0.000	0.000	17.225	11.483
				NSH.......NY	SYG....AGN	T.TQED	CASSFGTGGRVFF		TRBV13-1*01	RGYVYQGL	MusMusculus	34.449	34.449	34.449	34.449	34.449	34.449	37.581	37.581	37.581	37.581	37.581	37.581	113.787	113.787	113.787	113.787	113.787	113.787	147.192	147.192	147.192	147.192	147.192	147.192	146.148	146.148	146.148	146.148	148.932	147.540	64.723	64.723	64.723	64.723	64.723	64.723	0.000	0.000	0.000	0.000	15.659	10.439
				NSH.......NY	SYG....AGN	T.TQED	CASSHGTGAPQYF		TRBV13-1*01	RGYVYQGL	MusMusculus	37.581	37.581	37.581	37.581	37.581	37.581	50.108	50.108	50.108	50.108	50.108	50.108	116.918	116.918	116.918	116.918	116.918	116.918	150.324	150.324	150.324	150.324	150.324	150.324	149.280	149.280	149.280	149.280	154.499	153.107	80.381	80.381	80.381	80.381	80.381	80.381	0.000	0.000	0.000	0.000	18.790	12.527
				NSH.......NY	SYG....AGN	T.TQED	CASSWGTGNTQYF		TRBV13-1*01	RGYVYQGL	MusMusculus	21.922	21.922	21.922	21.922	21.922	21.922	46.976	46.976	46.976	46.976	46.976	46.976	91.864	91.864	91.864	91.864	91.864	91.864	125.270	125.270	125.270	125.270	125.270	125.270	132.577	132.577	132.577	132.577	134.317	133.447	52.196	52.196	52.196	52.196	52.196	52.196	0.000	0.000	0.000	0.000	17.225	11.483
				NSH.......NY	SYG....AGN	T.TQED	CASSLGTGGKQFF		TRBV13-1*01	RGYVYQGL	MusMusculus	34.449	34.449	34.449	34.449	34.449	34.449	34.449	34.449	34.449	34.449	34.449	34.449	116.918	116.918	116.918	116.918	116.918	116.918	137.797	137.797	137.797	137.797	137.797	137.797	136.753	136.753	136.753	136.753	139.188	137.971	80.381	80.381	80.381	80.381	80.381	80.381	0.000	0.000	0.000	0.000	15.659	10.439
				NSH.......NY	SYG....AGN	T.TQED	CASSQGIGAEQFF		TRBV13-1*01	RGYVYQGL	MusMusculus	37.581	37.581	37.581	37.581	37.581	37.581	50.108	50.108	50.108	50.108	50.108	50.108	116.918	116.918	116.918	116.918	116.918	116.918	153.455	153.455	153.455	153.455	153.455	153.455	150.324	150.324	150.324	150.324	154.151	153.107	83.513	83.513	83.513	83.513	83.513	83.513	0.000	0.000	0.000	0.000	14.093	9.395
				NSH.......NY	SYG....AGN	T.TQED	CASSPGVGTEVFF		TRBV13-1*01	RGYVYQGL	MusMusculus	37.581	37.581	37.581	37.581	37.581	37.581	25.054	25.054	25.054	25.054	25.054	25.054	113.787	113.787	113.787	113.787	113.787	113.787	145.104	145.104	145.104	145.104	145.104	145.104	145.104	145.104	145.104	145.104	146.148	145.626	66.810	66.810	66.810	66.810	66.810	66.810	0.000	0.000	0.000	0.000	20.356	13.571
				NSH.......NY	SYG....AGN	T.TQED	CASSPGTGQAPLF		TRBV13-1*01	RGYVYQGL	MusMusculus	50.108	50.108	50.108	50.108	50.108	50.108	50.108	50.108	50.108	50.108	50.108	50.108	116.918	116.918	116.918	116.918	116.918	116.918	136.753	136.753	136.753	136.753	136.753	136.753	110.655	110.655	110.655	110.655	124.922	119.180	63.679	63.679	63.679	63.679	63.679	63.679	0.000	0.000	0.000	0.000	25.054	16.703
				NSH.......NY	SYG....AGN	T.TQED	CASSFRDSGNTLYF		TRBV13-1*01	RGYVYKGL	MusMusculus	30.273	30.273	30.273	30.273	30.273	30.273	20.878	20.878	20.878	20.878	20.878	20.878	83.513	83.513	83.513	83.513	83.513	83.513	102.304	102.304	102.304	102.304	102.304	102.304	114.831	114.831	114.831	114.831	116.570	115.700	0.000	0.000	0.000	0.000	0.000	0.000	52.196	52.196	52.196	52.196	58.459	56.371
				NSH.......NY	SYG....AGN	T.TQED	CASSFRDGTNTEVFF		TRBV13-1*01	RGYVYKGL	MusMusculus	41.757	41.757	41.757	41.757	41.757	41.757	41.757	41.757	41.757	41.757	41.757	41.757	138.841	138.841	138.841	138.841	138.841	138.841	150.324	150.324	150.324	150.324	150.324	150.324	144.060	144.060	144.060	144.060	147.192	146.148	0.000	0.000	0.000	0.000	0.000	0.000	66.810	66.810	66.810	66.810	66.810	66.810
				NSH.......NY	SYG....AGN	T.TQED	CASSLRDGSNQAPLF		TRBV13-1*01	RGYVYKGL	MusMusculus	76.206	76.206	76.206	76.206	76.206	76.206	88.733	88.733	88.733	88.733	88.733	88.733	135.709	135.709	135.709	135.709	135.709	135.709	116.918	116.918	116.918	116.918	116.918	116.918	103.347	103.347	103.347	103.347	117.266	110.829	0.000	0.000	0.000	0.000	0.000	0.000	63.679	63.679	63.679	63.679	76.206	72.030
				KGH.......TA	FRN....EEI	S.SNSR	CASSLFRASAETLYF		TRBV24*01	RGYVYEGL	MusMusculus	136.753	136.753	136.753	136.753	136.753	136.753	139.884	139.884	139.884	139.884	139.884	139.884	126.314	126.314	126.314	126.314	126.314	126.314	60.547	60.547	60.547	60.547	60.547	60.547	0.000	0.000	0.000	0.000	28.186	20.356	131.533	131.533	131.533	131.533	131.533	131.533	133.621	133.621	133.621	133.621	141.450	138.841
				SGH.......SN	HYE....KVE	F.DDYH	CASSPHRASQNTLYF		TRBV12-1*01	RGYVYEGL	MusMusculus	120.050	120.050	120.050	120.050	120.050	120.050	123.182	123.182	123.182	123.182	123.182	123.182	131.533	131.533	131.533	131.533	131.533	131.533	25.054	25.054	25.054	25.054	25.054	25.054	0.000	0.000	0.000	0.000	32.013	20.182	114.831	114.831	114.831	114.831	114.831	114.831	132.577	132.577	132.577	132.577	138.841	136.753
				KGH.......TA	FRN....EEI	S.SNSR	CASSLFRANTGQLYF		TRBV24*01	RGYVYEGL	MusMusculus	143.016	143.016	143.016	143.016	143.016	143.016	106.479	106.479	106.479	106.479	106.479	106.479	163.894	163.894	163.894	163.894	163.894	163.894	82.469	82.469	82.469	82.469	82.469	82.469	0.000	0.000	0.000	0.000	16.703	8.873	153.455	153.455	153.455	153.455	153.455	153.455	136.753	136.753	136.753	136.753	141.450	139.884
				SGH.......SN	HYE....KVE	F.DDYH	CASSPYRGGNQAPLF		TRBV12-1*01	RGYVYEGL	MusMusculus	148.236	148.236	148.236	148.236	148.236	148.236	141.972	141.972	141.972	141.972	141.972	141.972	153.455	153.455	153.455	153.455	153.455	153.455	87.689	87.689	87.689	87.689	87.689	87.689	0.000	0.000	0.000	0.000	49.064	35.493	106.479	106.479	106.479	106.479	106.479	106.479	110.655	110.655	110.655	110.655	129.445	123.182
				KGH.......PV	FQN....QEV	P.SNSP	CASSLSRASQNTLYF		TRBV26*01	RGYVYEGL	MusMusculus	125.270	125.270	125.270	125.270	125.270	125.270	128.401	128.401	128.401	128.401	128.401	128.401	131.533	131.533	131.533	131.533	131.533	131.533	12.527	12.527	12.527	12.527	12.527	12.527	0.000	0.000	0.000	0.000	22.270	14.267	120.050	120.050	120.050	120.050	120.050	120.050	137.797	137.797	137.797	137.797	137.797	137.797
				SGH.......SN	HYE....KVE	F.DDYH	CASSPFRGSQNTLYF		TRBV12-1*01	RGYVYEGL	MusMusculus	120.050	120.050	120.050	120.050	120.050	120.050	123.182	123.182	123.182	123.182	123.182	123.182	134.665	134.665	134.665	134.665	134.665	134.665	25.054	25.054	25.054	25.054	25.054	25.054	0.000	0.000	0.000	0.000	27.838	18.095	114.831	114.831	114.831	114.831	114.831	114.831	132.577	132.577	132.577	132.577	138.841	136.753
				KGH.......PV	FQN....QEV	P.SNSP	CASSLSKVSQNTLYF		TRBV26*01	RGYVYEGL	MusMusculus	125.270	125.270	125.270	125.270	125.270	125.270	128.401	128.401	128.401	128.401	128.401	128.401	134.665	134.665	134.665	134.665	134.665	134.665	31.317	31.317	31.317	31.317	31.317	31.317	0.000	0.000	0.000	0.000	28.534	17.399	120.050	120.050	120.050	120.050	120.050	120.050	137.797	137.797	137.797	137.797	137.797	137.797
				KGH.......TA	FRN....EEI	S.SNSR	CASSLFRAVQNTLYF		TRBV24*01	RGYVYEGL	MusMusculus	127.357	127.357	127.357	127.357	127.357	127.357	114.831	114.831	114.831	114.831	114.831	114.831	138.841	138.841	138.841	138.841	138.841	138.841	60.547	60.547	60.547	60.547	60.547	60.547	0.000	0.000	0.000	0.000	28.534	20.530	131.533	131.533	131.533	131.533	131.533	131.533	124.226	124.226	124.226	124.226	132.055	129.445
				KGH.......TA	FRN....EEI	S.SNSR	CASSLYRANTGQLYF		TRBV24*01	RGYVYEGL	MusMusculus	143.016	143.016	143.016	143.016	143.016	143.016	106.479	106.479	106.479	106.479	106.479	106.479	163.894	163.894	163.894	163.894	163.894	163.894	82.469	82.469	82.469	82.469	82.469	82.469	0.000	0.000	0.000	0.000	17.747	9.395	153.455	153.455	153.455	153.455	153.455	153.455	136.753	136.753	136.753	136.753	141.450	139.884
				KGH.......PV	FQN....QEV	P.SNSP	CASSLSRTLNSDYTF		TRBV26*01	RGYVYEGL	MusMusculus	115.874	115.874	115.874	115.874	115.874	115.874	109.611	109.611	109.611	109.611	109.611	109.611	165.982	165.982	165.982	165.982	165.982	165.982	72.030	72.030	72.030	72.030	72.030	72.030	0.000	0.000	0.000	0.000	48.368	36.189	149.280	149.280	149.280	149.280	149.280	149.280	137.797	137.797	137.797	137.797	144.060	141.972
				KGH.......TA	FRN....EEI	S.SNSR	CASSLFRTNNSPLYF		TRBV24*01	RGYVYEGL	MusMusculus	133.621	133.621	133.621	133.621	133.621	133.621	139.884	139.884	139.884	139.884	139.884	139.884	160.763	160.763	160.763	160.763	160.763	160.763	91.864	91.864	91.864	91.864	91.864	91.864	0.000	0.000	0.000	0.000	34.449	25.576	145.104	145.104	145.104	145.104	145.104	145.104	146.148	146.148	146.148	146.148	147.714	147.192
				KGH.......TA	FRN....EEI	S.SNSR	CASSLYRNNQAPLF		TRBV24*01	RGYVYEGL	MusMusculus	131.533	131.533	131.533	131.533	131.533	131.533	137.797	137.797	137.797	137.797	137.797	137.797	164.938	164.938	164.938	164.938	164.938	164.938	64.723	64.723	64.723	64.723	64.723	64.723	0.000	0.000	0.000	0.000	44.192	32.361	103.347	103.347	103.347	103.347	103.347	103.347	119.006	119.006	119.006	119.006	129.967	126.314
				KGH.......TA	FRN....EEI	S.SNSR	CASSLYRTGRNSDYTF		TRBV24*01	RGYVYEGL	MusMusculus	123.182	123.182	123.182	123.182	123.182	123.182	116.918	116.918	116.918	116.918	116.918	116.918	184.773	184.773	184.773	184.773	184.773	184.773	110.655	110.655	110.655	110.655	110.655	110.655	0.000	0.000	0.000	0.000	51.152	37.929	144.060	144.060	144.060	144.060	144.060	144.060	148.236	148.236	148.236	148.236	152.933	151.367
				SGH.......SN	HYE....KVE	F.DDYH	CASSLTRTGGQNTLYF		TRBV12-1*01	RGYVYEGL	MusMusculus	131.533	131.533	131.533	131.533	131.533	131.533	131.533	131.533	131.533	131.533	131.533	131.533	130.489	130.489	130.489	130.489	130.489	130.489	70.986	70.986	70.986	70.986	70.986	70.986	0.000	0.000	0.000	0.000	43.148	31.317	135.709	135.709	135.709	135.709	135.709	135.709	140.928	140.928	140.928	140.928	142.494	141.972
				KGH.......PV	FQN....QEV	P.SNSP	CASSLSRASGNTLYF		TRBV26*01	RGYVYDGL	MusMusculus	112.743	112.743	112.743	112.743	112.743	112.743	115.874	115.874	115.874	115.874	115.874	115.874	119.006	119.006	119.006	119.006	119.006	119.006	0.000	0.000	0.000	0.000	0.000	0.000	12.527	12.527	12.527	12.527	34.797	26.794	107.523	107.523	107.523	107.523	107.523	107.523	125.270	125.270	125.270	125.270	125.270	125.270
				SGH.......SN	HYE....KVE	F.DDYH	CASSPRRVSQNTLYF		TRBV12-1*01	RGYVYDGL	MusMusculus	120.050	120.050	120.050	120.050	120.050	120.050	110.655	110.655	110.655	110.655	110.655	110.655	134.665	134.665	134.665	134.665	134.665	134.665	0.000	0.000	0.000	0.000	0.000	0.000	25.054	25.054	25.054	25.054	40.365	32.709	102.304	102.304	102.304	102.304	102.304	102.304	132.577	132.577	132.577	132.577	138.841	136.753
				KGH.......PV	FQN....QEV	P.SNSP	CASSLSRALNNQAPLF		TRBV26*01	RGYVYDGL	MusMusculus	149.280	149.280	149.280	149.280	149.280	149.280	161.807	161.807	161.807	161.807	161.807	161.807	174.334	174.334	174.334	174.334	174.334	174.334	0.000	0.000	0.000	0.000	0.000	0.000	64.723	64.723	64.723	64.723	79.337	75.162	116.918	116.918	116.918	116.918	116.918	116.918	136.753	136.753	136.753	136.753	147.714	144.060
				NSH.......NY	SYG....AGN	T.TQED	CASSFGTGNTLYF		TRBV13-1*01	IGYVYQGL	MusMusculus	37.581	37.581	37.581	37.581	37.581	37.581	25.054	25.054	25.054	25.054	25.054	25.054	79.337	79.337	79.337	79.337	79.337	79.337	112.743	112.743	112.743	112.743	112.743	112.743	120.050	120.050	120.050	120.050	121.790	120.920	30.273	30.273	30.273	30.273	30.273	30.273	21.922	21.922	21.922	21.922	28.186	26.098
				NSH.......NY	SYG....AGN	T.TQED	CASSFGTGVEQYF		TRBV13-1*01	IGYVYQGL	MusMusculus	37.581	37.581	37.581	37.581	37.581	37.581	25.054	25.054	25.054	25.054	25.054	25.054	116.918	116.918	116.918	116.918	116.918	116.918	150.324	150.324	150.324	150.324	150.324	150.324	156.587	156.587	156.587	156.587	157.283	157.109	66.810	66.810	66.810	66.810	66.810	66.810	34.449	34.449	34.449	34.449	34.449	34.449
				NSH.......NY	SYG....AGN	T.TQED	CASSLGAGSDYTF		TRBV13-1*01	IGYVYQGL	MusMusculus	53.240	53.240	53.240	53.240	53.240	53.240	40.713	40.713	40.713	40.713	40.713	40.713	113.787	113.787	113.787	113.787	113.787	113.787	134.665	134.665	134.665	134.665	134.665	134.665	115.874	115.874	115.874	115.874	126.314	122.312	77.250	77.250	77.250	77.250	77.250	77.250	50.108	50.108	50.108	50.108	50.108	50.108
				NSH.......NY	SYG....AGN	T.TQED	CASSLGTNTEVFF		TRBV13-1*01	IGYVYQGL	MusMusculus	50.108	50.108	50.108	50.108	50.108	50.108	12.527	12.527	12.527	12.527	12.527	12.527	126.314	126.314	126.314	126.314	126.314	126.314	147.192	147.192	147.192	147.192	147.192	147.192	131.533	131.533	131.533	131.533	132.229	131.881	41.757	41.757	41.757	41.757	41.757	41.757	37.581	37.581	37.581	37.581	42.279	40.713
				NSH.......NY	SYG....AGN	T.TQED	CASSLGTGTEVFF		TRBV13-1*01	KGYVYQGL	MusMusculus	12.527	12.527	12.527	12.527	12.527	12.527	0.000	0.000	0.000	0.000	0.000	0.000	113.787	113.787	113.787	113.787	113.787	113.787	134.665	134.665	134.665	134.665	134.665	134.665	143.016	143.016	143.016	143.016	143.364	143.190	54.284	54.284	54.284	54.284	54.284	54.284	25.054	25.054	25.054	25.054	29.752	28.186
				NSH.......NY	SYG....AGN	T.TQED	CASSFMTGGEQYF		TRBV13-1*01	KGYVYQGL	MusMusculus	25.054	25.054	25.054	25.054	25.054	25.054	0.000	0.000	0.000	0.000	0.000	0.000	116.918	116.918	116.918	116.918	116.918	116.918	150.324	150.324	150.324	150.324	150.324	150.324	146.148	146.148	146.148	146.148	149.628	147.888	66.810	66.810	66.810	66.810	66.810	66.810	34.449	34.449	34.449	34.449	36.015	35.493
				NSH.......NY	SYG....AGN	T.TQED	CASSFRVATEVFF		TRBV13-1*01	KGYVYQGL	MusMusculus	50.108	50.108	50.108	50.108	50.108	50.108	0.000	0.000	0.000	0.000	0.000	0.000	113.787	113.787	113.787	113.787	113.787	113.787	145.104	145.104	145.104	145.104	145.104	145.104	149.280	149.280	149.280	149.280	150.672	149.976	41.757	41.757	41.757	41.757	41.757	41.757	37.581	37.581	37.581	37.581	42.279	40.713
				NSH.......NY	SYG....AGN	T.TQED	CASSFRVGNTLYF		TRBV13-1*01	KGYVYQGL	MusMusculus	25.054	25.054	25.054	25.054	25.054	25.054	0.000	0.000	0.000	0.000	0.000	0.000	79.337	79.337	79.337	79.337	79.337	79.337	110.655	110.655	110.655	110.655	110.655	110.655	114.831	114.831	114.831	114.831	120.398	119.006	20.878	20.878	20.878	20.878	20.878	20.878	46.976	46.976	46.976	46.976	46.976	46.976
				NSH.......NY	SYG....AGN	T.TQED	CASSFHINSDYTF		TRBV13-1*01	KGYVYQGL	MusMusculus	50.108	50.108	50.108	50.108	50.108	50.108	0.000	0.000	0.000	0.000	0.000	0.000	126.314	126.314	126.314	126.314	126.314	126.314	157.631	157.631	157.631	157.631	157.631	157.631	109.611	109.611	109.611	109.611	121.442	116.744	69.942	69.942	69.942	69.942	69.942	69.942	40.713	40.713	40.713	40.713	48.542	45.932
				NSH.......NY	SYG....AGN	T.TQED	CASSFGVNTGQLYF		TRBV13-1*01	KGYVYQGL	MusMusculus	58.459	58.459	58.459	58.459	58.459	58.459	0.000	0.000	0.000	0.000	0.000	0.000	121.094	121.094	121.094	121.094	121.094	121.094	136.753	136.753	136.753	136.753	136.753	136.753	106.479	106.479	106.479	106.479	118.310	112.395	72.030	72.030	72.030	72.030	72.030	72.030	52.196	52.196	52.196	52.196	56.893	55.327
