cdr1.alpha	cdr2.alpha	cdr2.5.alpha	cdr3.alpha	cdr1.beta	cdr2.beta	cdr2.5.beta	cdr3.beta	v.alpha	v.beta	epitope.seq	species	GILGFVFTL_AB_nbrdist5	GILGFVFTL_AB_wtd_nbrdist5	GILGFVFTL_AB_nbrdist10	GILGFVFTL_AB_wtd_nbrdist10	GILGFVFTL_AB_nbrdist25	GILGFVFTL_AB_wtd_nbrdist25	GLCTLVAML_AB_nbrdist5	GLCTLVAML_AB_wtd_nbrdist5	GLCTLVAML_AB_nbrdist10	GLCTLVAML_AB_wtd_nbrdist10	GLCTLVAML_AB_nbrdist25	GLCTLVAML_AB_wtd_nbrdist25	NLVPMVATV_AB_nbrdist5	NLVPMVATV_AB_wtd_nbrdist5	NLVPMVATV_AB_nbrdist10	NLVPMVATV_AB_wtd_nbrdist10	NLVPMVATV_AB_nbrdist25	NLVPMVATV_AB_wtd_nbrdist25	PKYVKQNTLKLAT_AB_nbrdist5	PKYVKQNTLKLAT_AB_wtd_nbrdist5	PKYVKQNTLKLAT_AB_nbrdist10	PKYVKQNTLKLAT_AB_wtd_nbrdist10	PKYVKQNTLKLAT_AB_nbrdist25	PKYVKQNTLKLAT_AB_wtd_nbrdist25
TRDT.....TYY	RNSF..DEQN	QKSTSS	CALSDGYSGGGADGLTF	SGH.......NS	FNN....NVP	P.NASF	CASRPDGRETQYF	TRAV19*01	TRBV12-3*01	NLVPMVATV	HomoSapiens	227.399	224.889	241.305	234.009	271.481	256.680	215.046	215.046	215.046	215.046	243.754	234.185	220.266	219.918	226.738	223.537	244.597	235.729	180.249	176.943	202.519	191.036	242.123	223.559
TSG......FYG	NAL....DGL	SRSDSY	CAVRDQEGNTPLVF	SGH.......NS	FNN....NVP	P.NASF	CASSSVNEQYF	TRAV1-1*01	TRBV12-3*01	NLVPMVATV	HomoSapiens	196.082	182.834	219.784	205.582	246.680	232.895	257.847	257.847	257.847	257.847	257.847	257.847	112.221	110.307	137.170	124.991	178.830	159.019	193.820	188.426	205.999	198.990	227.704	216.927
VSG......NPY	YITG..DNLV	NKSQTS	CAVRDLNARLMF	SGH.......NS	FNN....NVP	P.NASF	CASSSVNEQYF	TRAV3*01	TRBV12-3*01	NLVPMVATV	HomoSapiens	183.729	172.395	205.410	192.814	230.262	217.300	231.749	231.749	231.749	231.749	243.232	239.404	92.386	83.513	140.511	122.138	180.838	160.763	155.891	146.148	180.423	166.281	210.871	196.087
TSG......FYG	NAL....DGL	SRSDSY	CAVRDQEGNTPLVF	DFQ......ATT	SNEG...SKA	A.SLTL	CSAREEGTQAWETQYF	TRAV1-1*01	TRBV20-1*01	NLVPMVATV	HomoSapiens	248.625	233.737	278.484	261.082	304.475	290.710	307.955	307.955	307.955	307.955	309.520	308.998	145.104	136.405	169.114	156.865	218.901	196.715	213.306	202.693	231.575	220.415	265.546	250.040
VSG......NPY	YITG..DNLV	NKSQTS	CAVRDLNARLMF	DFQ......ATT	SNEG...SKA	A.SLTL	CSAREEGTQAWETQYF	TRAV3*01	TRBV20-1*01	NLVPMVATV	HomoSapiens	243.058	233.886	266.359	253.396	289.069	277.281	302.735	302.735	302.735	302.735	305.345	304.475	143.538	135.361	174.751	158.884	222.595	200.431	214.002	211.567	222.180	217.432	249.039	235.725
TRDT.....TYY	RNSF..DEQN	QKSTSS	CALSGEGGSEKLVF	MGH.......DK	SYG....VNS	I.RTEH	CASSETGFGNQPQHF	TRAV19*01	TRBV25-1*01	NLVPMVATV	HomoSapiens	204.085	197.151	222.032	211.559	247.692	234.806	204.607	204.607	204.607	204.607	227.051	219.570	96.040	68.202	178.092	143.643	232.472	205.605	202.519	200.779	209.131	205.303	233.119	222.461
TRDT.....TYY	RNSF..DEQN	QKSTSS	CALSGQGGSEKLVF	MGH.......DK	SYG....VNS	I.RTEH	CASSQTGFGNQPQHF	TRAV19*01	TRBV25-1*01	NLVPMVATV	HomoSapiens	201.997	193.969	220.667	209.987	248.040	234.520	198.344	198.344	198.344	198.344	220.788	213.306	96.040	68.202	176.839	143.225	230.464	203.988	201.823	200.431	209.131	205.204	232.206	221.578
TRDT.....TYY	RNSF..DEQN	QKSTSS	CALSEGVFNDYKLSF	MDH.......EN	SYD....VKM	E.KKER	CASSPRQSNQPQHF	TRAV19*01	TRBV28*01	NLVPMVATV	HomoSapiens	197.126	188.402	214.886	204.492	233.868	224.378	231.749	231.749	231.749	231.749	250.017	243.928	179.553	179.553	207.739	196.813	241.144	225.141	172.942	167.896	191.036	181.343	222.615	207.631
NTA......FDY	IRPD...VSE	NKSAKQ	CAASRSNSGYALNF	LGH.......NA	YSL....EER	P.NSSH	CASSQDISRGQTLFGNSPLHF	TRAV23/DV6*01	TRBV4-3*01	NLVPMVATV	HomoSapiens	288.294	283.099	301.370	293.902	322.158	311.561	316.306	316.306	316.306	316.306	319.438	318.394	282.901	282.205	293.549	288.259	313.094	304.226	300.299	297.341	306.389	302.586	319.177	312.775
TSI.......NN	IRSN...ERE	DTSKKS	CATWNSWGKFQF	SGH.......TA	FQG....TGA	P.EGSV	CASSSETTSPLHF	TRAV17*01	TRBV7-3*01	NLVPMVATV	HomoSapiens	214.698	208.982	233.837	223.879	249.780	241.427	248.451	248.451	248.451	248.451	258.369	255.063	230.183	226.529	240.100	235.994	248.371	244.104	234.533	230.879	243.058	237.963	252.692	247.945
TISG.....TDY	GLT.....SN	AEDRKS	CILDNNNDMRF	SGH.......VS	FNY....EAQ	P.EGSI	CASSLAPGATNEKLFF	TRAV26-2*01	TRBV7-6*01	NLVPMVATV	HomoSapiens	237.316	232.693	254.394	245.538	274.486	264.045	246.364	246.364	246.364	246.364	258.369	254.367	6.263	4.176	138.214	90.264	215.127	177.660	236.968	235.403	247.234	241.840	267.046	257.839
TISG.....TDY	GLT.....SN	AEDRKS	CIRDNNNDMRF	SGH.......VS	FNY....EAQ	P.EGSI	CASSLAPGATNEKLFF	TRAV26-2*01	TRBV7-6*01	NLVPMVATV	HomoSapiens	237.316	232.693	254.394	245.538	274.486	264.045	246.364	246.364	246.364	246.364	258.369	254.367	6.263	4.176	138.214	90.264	215.127	177.660	236.968	235.403	247.234	241.840	267.046	257.839
TISG.....TDY	GLT.....SN	AEDRKS	CIKDNNNDMRF	SGH.......VS	FNY....EAQ	P.EGSI	CASSLAPGTTNEKLFF	TRAV26-2*01	TRBV7-6*01	NLVPMVATV	HomoSapiens	237.316	232.693	255.357	245.974	274.486	264.360	246.364	246.364	246.364	246.364	258.369	254.367	12.527	12.527	140.720	94.439	216.090	179.450	236.968	235.403	247.234	241.840	266.263	257.593
DSA......IYN	IQSS...QRE	DKSSGR	CAVSGYSTLTF	SGH.......NS	FNN....NVP	P.NASF	CASSQLGGISNQPQHF	TRAV21*01	TRBV12-3*01	GILGFVFTL	HomoSapiens	238.708	235.179	248.532	243.060	262.251	254.986	240.100	240.100	240.100	240.100	250.017	246.712	186.861	185.121	201.058	194.098	226.288	214.128	202.171	197.474	222.006	211.914	243.819	233.614
TSI.......NN	IRSN...ERE	DTSKKS	CATDRDDKIIF	LNH.......DA	SQI....VND	E.KKES	CASSIDGNVAPLHF	TRAV17*01	TRBV19*01	GILGFVFTL	HomoSapiens	184.947	180.796	197.862	190.749	211.099	204.123	243.232	243.232	243.232	243.232	243.754	243.580	216.612	206.347	235.924	227.364	252.386	244.092	219.222	218.352	224.963	222.006	241.470	233.138
TTS.......DR	LLSN...GAV	DTKARL	CAVDMFDRGSTLGRLYF	LNH.......DA	SQI....VND	E.KKES	CASSIFGGAREQFF	TRAV39*01	TRBV19*01	GILGFVFTL	HomoSapiens	197.648	195.063	202.921	199.674	211.523	206.936	301.691	301.691	301.691	301.691	302.213	302.039	241.666	239.056	256.385	249.495	280.411	269.341	235.577	227.921	251.409	242.188	270.113	260.733
TTL.......SN	LVKS...GEV	GEAKKN	CAGTYGGSQGNLIF	LNH.......DA	SQI....VND	E.KKES	CASSIRSLDIQYF	TRAV25*01	TRBV19*01	GILGFVFTL	HomoSapiens	37.581	32.809	53.240	43.638	87.787	70.100	278.725	278.725	278.725	278.725	279.769	279.421	254.715	254.367	258.264	256.803	266.680	262.309	209.131	203.911	222.528	214.997	244.537	233.998
SVF.......SS	VVTG...GEV	GDARKD	CAGGGSQGNLIF	LNH.......DA	SQI....VND	E.KKES	CASSIRSSYEQYF	TRAV27*01	TRBV19*01	GILGFVFTL	HomoSapiens	17.399	11.234	50.108	33.600	76.369	62.235	244.276	244.276	244.276	244.276	257.847	253.323	212.958	210.175	227.782	222.075	247.006	237.783	175.725	160.937	199.214	184.474	230.118	214.540
NSM......FDY	ISSI...KDK	NKSAKH	CAASAGGGSQGNLIF	LNH.......DA	SQI....VND	E.KKES	CASSIRSSYEQYF	TRAV29/DV5*01	TRBV19*01	GILGFVFTL	HomoSapiens	105.261	102.900	113.626	109.221	125.400	119.008	242.188	242.188	242.188	242.188	252.105	248.799	232.793	232.445	243.023	238.291	258.891	252.019	222.354	222.006	224.615	223.298	234.359	229.899
TSI.......NN	IRSN...ERE	DTSKKS	CATDGGGGSQGNLIF	LNH.......DA	SQI....VND	E.KKES	CASSIRSTDTQYF	TRAV17*01	TRBV19*01	GILGFVFTL	HomoSapiens	72.378	62.187	83.915	76.412	103.445	92.691	260.978	260.978	260.978	260.978	261.500	261.326	235.403	232.097	245.529	241.074	259.453	253.006	189.992	181.293	212.436	199.885	239.448	226.414
SVF.......SS	VVTG...GEV	GDARKD	CAVTYSGAGSYQLTF	LNH.......DA	SQI....VND	E.KKES	CASSIRSTDTQYF	TRAV27*01	TRBV19*01	GILGFVFTL	HomoSapiens	107.871	101.260	116.918	111.102	129.706	122.616	271.418	271.418	271.418	271.418	275.071	273.853	176.943	163.546	212.332	195.769	247.247	231.210	207.391	192.950	228.965	214.947	252.236	240.691
SVF.......SS	VVTG...GEV	GDARKD	CAGADGGSQGNLIF	LNH.......DA	SQI....VND	E.KKES	CASSIRSTGELFF	TRAV27*01	TRBV19*01	GILGFVFTL	HomoSapiens	42.800	34.747	54.043	46.896	80.675	67.777	286.032	286.032	286.032	286.032	288.642	287.772	228.617	225.833	246.990	240.170	261.300	253.935	192.080	185.817	214.350	202.718	245.776	231.549
SVF.......SS	VVTG...GEV	GDARKD	CAGAGGGSQGNLIF	LNH.......DA	SQI....VND	E.KKES	CASSIRSTGELFF	TRAV27*01	TRBV19*01	GILGFVFTL	HomoSapiens	36.537	29.379	51.553	42.823	77.250	63.679	289.164	289.164	289.164	289.164	290.208	289.860	241.144	238.360	252.001	247.686	266.439	259.040	191.384	181.293	212.262	199.636	244.145	229.308
TISG.....TDY	GLT.....SN	AEDRKS	CILPLAGGTSYGKLTF	LNH.......DA	SQI....VND	E.KKES	CASSISSINEQFF	TRAV26-2*01	TRBV19*01	GILGFVFTL	HomoSapiens	126.836	109.362	153.054	136.936	176.519	163.908	208.783	208.783	208.783	208.783	225.485	219.918	98.128	91.864	162.642	130.559	229.179	199.617	221.658	220.440	228.965	224.789	248.386	239.133
SIF.......NT	LYKA...GEL	GITRKD	CAGQLAGGSQGNLIF	LNH.......DA	SQI....VND	E.KKES	CASSISSINEQFF	TRAV35*01	TRBV19*01	GILGFVFTL	HomoSapiens	113.439	108.269	121.656	116.746	130.489	125.327	259.935	259.935	259.935	259.935	263.588	262.370	193.124	188.600	229.452	215.325	258.328	244.184	216.786	212.610	230.183	222.403	249.626	240.023
TSG......FNG	NVL....DGL	SRSKGY	CAPYTSGSSNTGKLIF	LNH.......DA	SQI....VND	E.KKES	CASSMGQGTYEQYF	TRAV1-2*01	TRBV19*01	GILGFVFTL	HomoSapiens	166.852	165.087	170.559	167.910	194.103	183.167	262.022	262.022	262.022	262.022	265.154	264.110	192.080	187.209	218.387	207.808	247.729	234.078	214.350	207.913	225.833	218.874	244.276	235.303
SVF.......SS	VVTG...GEV	GDARKD	CAGDGSQGNLIF	LNH.......DA	SQI....VND	E.KKES	CASSMRSSYEQYF	TRAV27*01	TRBV19*01	GILGFVFTL	HomoSapiens	30.969	27.341	59.503	45.577	84.263	71.012	244.276	244.276	244.276	244.276	254.715	251.235	212.958	210.175	228.408	222.284	247.729	238.884	178.857	166.678	197.822	185.618	227.834	213.311
TTL.......SN	LVKS...GEV	GEAKKN	CAGGHGGSQGNLIF	LNH.......DA	SQI....VND	E.KKES	CASSMRSTDTQYF	TRAV25*01	TRBV19*01	GILGFVFTL	HomoSapiens	27.664	25.949	43.122	34.667	78.718	59.825	262.022	262.022	262.022	262.022	270.374	267.590	245.842	244.972	253.671	250.122	263.468	258.122	198.692	187.209	217.482	205.900	244.537	231.235
TSG......FYG	NAL....DGL	SRSDSY	CAVRDQEGNTPLVF	LNH.......DA	SQI....VND	E.KKES	CASSNRASEKLFF	TRAV1-1*01	TRBV19*01	GILGFVFTL	HomoSapiens	192.776	183.331	203.884	196.692	214.818	208.686	278.725	278.725	278.725	278.725	285.510	283.249	123.182	119.702	145.104	134.943	202.278	174.173	228.269	221.658	239.056	232.445	254.193	246.256
NSA......SDY	IRSN...MDK	NKTVKH	CAENGGGGSQGNLIF	LNH.......DA	SQI....VND	E.KKES	CASSNRASEKLFF	TRAV13-2*01	TRBV19*01	GILGFVFTL	HomoSapiens	111.525	108.219	125.189	117.561	143.310	133.738	271.418	271.418	271.418	271.418	286.554	281.509	265.676	265.154	269.330	267.868	276.316	272.714	234.881	233.489	238.012	235.974	248.843	243.424
DRG......SQS	IYS....NGD	NKASQY	CAVNMGGGSQGNLIF	LNH.......DA	SQI....VND	E.KKES	CASSSRASYEQYF	TRAV12-2*01	TRBV19*01	GILGFVFTL	HomoSapiens	85.601	74.814	112.341	97.313	134.143	122.340	252.627	252.627	252.627	252.627	256.803	255.411	217.656	213.306	234.881	226.668	255.598	245.503	193.124	182.859	212.610	201.277	234.815	223.981
SVF.......SS	VVTG...GEV	GDARKD	CAGPSGANNLFF	LNH.......DA	SQI....VND	E.KKES	CASSSRASYEQYF	TRAV27*01	TRBV19*01	GILGFVFTL	HomoSapiens	83.165	81.326	92.667	87.425	110.133	100.971	250.539	250.539	250.539	250.539	260.978	257.499	223.919	221.658	232.375	228.478	251.824	242.647	173.638	164.590	196.256	183.431	230.183	213.856
SVF.......SS	VVTG...GEV	GDARKD	CAGAGGGSQGNLIF	LNH.......DA	SQI....VND	E.KKES	CASSSRSTGELFF	TRAV27*01	TRBV19*01	GILGFVFTL	HomoSapiens	39.669	32.212	54.043	45.278	82.045	67.910	289.164	289.164	289.164	289.164	290.208	289.860	241.144	238.360	249.913	246.085	265.716	257.743	193.472	184.425	214.350	202.320	242.579	229.016
DRG......SQS	IYS....NGD	NKASQY	CAVNGGGGSQGNLIF	LNH.......DA	SQI....VND	E.KKES	CASSTRAANEQFF	TRAV12-2*01	TRBV19*01	GILGFVFTL	HomoSapiens	89.951	78.095	110.815	98.541	132.120	120.851	239.056	239.056	239.056	239.056	245.842	243.580	221.832	215.046	238.639	231.192	257.525	248.646	198.344	190.862	216.960	206.794	235.337	226.207
SVF.......SS	VVTG...GEV	GDARKD	CAGAGGGSQGNLIF	LNH.......DA	SQI....VND	E.KKES	CASSTRSSSEQYF	TRAV27*01	TRBV19*01	GILGFVFTL	HomoSapiens	42.800	40.564	52.115	46.896	73.890	62.352	276.637	276.637	276.637	276.637	283.945	281.509	244.276	243.580	249.913	247.060	263.387	257.055	187.209	178.161	204.955	194.566	234.881	220.903
TSI.......NN	IRSN...ERE	DTSKKS	CATDGGGGSQGNLIF	DFQ......ATT	SNEG...SKA	A.SLTL	CSASGGRQRTEAFF	TRAV17*01	TRBV20-1*01	GILGFVFTL	HomoSapiens	200.779	187.059	218.579	207.475	234.978	225.916	306.911	306.911	306.911	306.911	307.433	307.259	229.139	228.965	241.562	236.690	260.015	250.493	206.695	196.256	226.181	213.754	254.389	241.873
TRDT.....TYY	RNSF..DEQN	QKSTSS	CALLYNNNDMRF	MNH.......EY	SMN....VEV	K.EKRN	CASRSPQETQYF	TRAV19*01	TRBV27*01	GILGFVFTL	HomoSapiens	200.083	187.954	226.770	211.742	249.234	237.028	214.002	214.002	214.002	214.002	237.490	229.661	219.744	219.222	226.529	223.467	242.349	234.112	208.087	205.303	220.614	213.605	243.950	233.023
SIF.......NT	LYKA...GEL	GITRKD	CAGQLAGGSQGNLIF	LGH.......NA	YSL....EER	P.NSSH	CASSQERGGKWAYEQYF	TRAV35*01	TRBV4-3*01	GILGFVFTL	HomoSapiens	146.322	126.463	182.364	161.589	213.382	196.491	280.813	280.813	280.813	280.813	283.945	282.901	187.383	185.121	235.507	217.621	273.024	255.621	253.671	252.105	262.370	257.300	279.638	271.487
DRG......SQS	IYS....NGD	NKASQY	CAVGGSQGNLIF	MNH.......EY	SVG....AGI	S.TTED	CASMVGQGTGELFF	TRAV12-2*01	TRBV6-5*01	GILGFVFTL	HomoSapiens	184.599	177.515	193.124	187.388	212.208	201.088	238.012	238.012	238.012	238.012	256.803	250.539	203.041	201.127	231.540	219.291	258.328	245.618	212.958	208.783	226.181	218.377	244.863	235.963
SVF.......SS	VVTG...GEV	GDARKD	CAGGGSQGNLIF	MNH.......EY	SVG....AGI	S.TTED	CASSYGTGSSEQYF	TRAV27*01	TRBV6-5*01	GILGFVFTL	HomoSapiens	111.177	109.014	129.927	120.050	156.000	142.743	277.681	277.681	277.681	277.681	278.725	278.377	216.612	213.654	230.705	224.024	247.648	239.389	163.199	150.150	188.774	173.190	227.834	209.351
DSA......SNY	IRSN...VGE	NKTAKH	CAASINRMDNDMRF	DFQ......ATT	SNEG...SKA	A.SLTL	CSAFDREGVDGYTF	TRAV13-1*01	TRBV20-1*01	NLVPMVATV	HomoSapiens	266.894	263.365	282.098	274.056	298.022	289.689	306.911	306.911	306.911	306.911	313.174	311.086	262.022	259.935	266.407	264.389	277.842	271.670	230.705	227.921	243.406	236.173	270.439	257.471
TSG......FNG	NVL....DGL	SRSKGY	CAVRDSNYQLIW	MNH.......EY	SVG....EGT	L.KKQN	CASSDRETYEQYF	TRAV1-2*01	TRBV6-2*01	NLVPMVATV	HomoSapiens	183.381	172.793	195.613	187.721	212.737	203.498	235.924	235.924	235.924	235.924	240.622	239.056	130.489	114.831	170.158	152.133	210.308	190.692	214.698	213.132	218.178	216.040	230.574	224.549
TSG......FNG	NVL....DGL	SRSKGY	CAVMDSNYQLIW	MNH.......EY	SVG....EGT	L.KKQN	CASSYSSSTGELFF	TRAV1-2*01	TRBV6-2*01	NLVPMVATV	HomoSapiens	200.083	193.273	217.696	207.957	234.722	225.320	248.451	248.451	248.451	248.451	253.671	251.931	147.192	125.966	188.948	170.228	225.164	206.523	222.006	217.482	231.923	226.281	245.907	238.434
VSG......NPY	YITG..DNLV	NKSQTS	CAVRGQTGFQKLVF	SGH.......VS	FNY....EAQ	P.EGSI	CASSYFRDRVGDQPQHF	TRAV3*01	TRBV7-6*01	NLVPMVATV	HomoSapiens	224.267	208.435	248.532	233.561	275.941	261.254	284.988	284.988	284.988	284.988	288.642	287.424	209.827	208.783	223.606	217.134	249.817	237.003	208.087	201.127	221.832	213.605	254.062	237.989
DRG......SQS	IYS....NGD	NKASQY	CAVIYGNQFYF	MNH.......EY	SMN....VEV	K.EKRN	CASSLWVGGSSGANVLTF	TRAV12-2*01	TRBV27*01	GLCTLVAML	HomoSapiens	233.837	228.617	246.765	239.492	273.157	260.513	300.647	300.647	300.647	300.647	300.647	300.647	245.320	245.320	258.264	253.532	286.755	274.446	230.357	222.180	244.972	235.726	269.395	257.862
ATG......YPS	ATKA...DDK	RKETTS	CALYNTDKLIF	LGH.......DT	YNN....KEL	P.DKAH	CASSPTSGSVYEQYF	TRAV9-2*01	TRBV3-1*01	GLCTLVAML	HomoSapiens	218.526	214.649	229.019	223.203	240.796	234.408	256.803	256.803	256.803	256.803	256.803	256.803	208.261	200.779	227.991	218.944	246.283	237.370	195.560	187.035	210.175	201.326	232.597	221.839
TSDP.....SYG	QGSY..DQQN	QKARKS	CAMREQEDSNYQLIW	MNH.......NS	SAS....EGT	L.NKRE	CASSEESYLMNTEAFF	TRAV14/DV4*01	TRBV6-1*01	GLCTLVAML	HomoSapiens	234.533	227.176	250.700	240.846	278.219	264.635	304.823	304.823	304.823	304.823	304.823	304.823	219.222	213.654	244.276	234.254	263.147	253.614	209.827	202.171	227.051	217.184	256.477	241.758
TSES.....DYY	QEAY..KQQN	QKAAKS	CAYSSGAGGTSYGKLTF	SGH.......NS	FNN....NVP	P.NASF	CASSFGVYEQYF	TRAV38-2/DV8*01	TRBV12-3*01	GILGFVFTL	HomoSapiens	183.207	165.585	213.039	195.567	240.296	225.523	199.388	199.388	199.388	199.388	226.529	217.482	209.305	208.783	214.629	211.914	233.676	224.258	203.215	200.083	210.523	206.347	236.968	224.526
DRG......SQS	IYS....NGD	NKASQY	CALALGGGSQGNLIF	LNH.......DA	SQI....VND	E.KKES	CASSGRATDTQYF	TRAV12-2*01	TRBV19*01	GILGFVFTL	HomoSapiens	89.603	82.569	104.552	95.799	122.073	111.786	240.100	240.100	240.100	240.100	250.539	247.060	231.749	226.877	244.485	238.778	262.906	253.992	212.958	212.088	224.963	219.321	244.472	234.950
TRDT.....TYY	RNSF..DEQN	QKSTSS	CALSNQGGKLIF	LNH.......DA	SQI....VND	E.KKES	CASSGRSGIEQYF	TRAV19*01	TRBV19*01	GILGFVFTL	HomoSapiens	136.405	127.606	153.134	142.890	172.963	162.675	191.036	191.036	191.036	191.036	212.436	205.303	174.856	171.898	194.168	184.982	220.105	208.347	182.685	173.116	200.953	190.141	221.114	211.055
TSI.......NN	IRSN...ERE	DTSKKS	CATDGGGGSQGNLIF	LNH.......DA	SQI....VND	E.KKES	CASSGRSTDTQYF	TRAV17*01	TRBV19*01	GILGFVFTL	HomoSapiens	76.902	66.711	86.324	79.762	107.686	96.167	260.978	260.978	260.978	260.978	261.500	261.326	235.403	232.097	247.408	242.466	260.657	254.256	194.168	184.425	214.524	202.569	241.014	228.318
SVF.......SS	VVTG...GEV	GDARKD	CAGAGGGSQGNLIF	LNH.......DA	SQI....VND	E.KKES	CASSGRSTDTQYF	TRAV27*01	TRBV19*01	GILGFVFTL	HomoSapiens	28.186	22.071	46.334	35.895	68.213	55.926	278.725	278.725	278.725	278.725	279.769	279.421	247.408	246.712	254.715	251.653	265.234	260.015	180.945	165.634	207.565	190.887	239.187	223.582
SVF.......SS	VVTG...GEV	GDARKD	CAGAHGGSQGNLIF	LNH.......DA	SQI....VND	E.KKES	CASSGRSTDTQYF	TRAV27*01	TRBV19*01	GILGFVFTL	HomoSapiens	28.708	22.817	46.735	37.329	69.975	56.296	266.198	266.198	266.198	266.198	273.505	271.070	244.276	242.536	253.462	249.565	264.512	259.051	183.729	171.202	210.697	195.162	241.862	226.391
DSV.......NN	IPS.....GT	VATERY	CAVERESDSWGKLQF	LNH.......DA	SQI....VND	E.KKES	CASSIFASGNTQYF	TRAV22*01	TRBV19*01	GILGFVFTL	HomoSapiens	179.379	176.869	184.692	181.584	192.276	188.462	191.036	191.036	191.036	191.036	219.222	209.827	253.671	251.235	259.517	256.803	267.965	263.812	238.360	234.707	244.276	240.398	257.455	250.677
VGI.......SA	LSS.....GK	NIQEKH	CAVLEWGTKETSGSRL	LNH.......DA	SQI....VND	E.KKES	CASSIFSGQPQHF	TRAV41*01	TRBV19*01	GILGFVFTL	HomoSapiens	205.999	201.525	217.455	210.939	227.508	221.984	272.461	272.461	272.461	272.461	288.642	283.249	286.032	284.640	290.834	288.886	295.508	293.041	249.147	247.234	258.543	253.422	279.573	269.568
TRDT.....TYY	RNSF..DEQN	QKSTSS	CAPGFYF	LNH.......DA	SQI....VND	E.KKES	CASSIHGADTQYF	TRAV19*01	TRBV19*01	GILGFVFTL	HomoSapiens	154.499	147.788	168.231	159.983	187.024	177.523	195.212	195.212	195.212	195.212	222.876	213.654	200.431	200.431	212.541	207.112	234.640	224.545	181.989	179.031	200.779	190.887	225.877	214.225
TSDP.....SYG	QGSY..DQQN	QKARKS	CAMREVSMDSNYQLIW	LNH.......DA	SQI....VND	E.KKES	CASSIHGAETQYF	TRAV14/DV4*01	TRBV19*01	GILGFVFTL	HomoSapiens	167.200	158.377	190.876	178.268	209.892	199.429	192.080	192.080	192.080	192.080	231.227	218.178	203.041	193.820	231.958	218.944	253.029	242.142	189.644	185.991	207.565	198.741	243.884	228.057
TTL.......SN	LVKS...GEV	GEAKKN	CAGPIDGGSQGNLIF	LNH.......DA	SQI....VND	E.KKES	CASSILSNQPQHF	TRAV25*01	TRBV19*01	GILGFVFTL	HomoSapiens	86.645	81.425	96.040	90.086	120.311	108.306	288.120	288.120	288.120	288.120	289.164	288.816	227.573	225.137	239.891	234.045	257.766	249.404	204.955	204.259	212.784	208.286	247.081	232.309
SVF.......SS	VVTG...GEV	GDARKD	CAGAIGSSNTGKLIF	LNH.......DA	SQI....VND	E.KKES	CASSIRAAYEQYF	TRAV27*01	TRBV19*01	GILGFVFTL	HomoSapiens	21.400	19.089	42.640	28.908	88.537	65.630	269.330	269.330	269.330	269.330	271.940	271.070	229.661	228.617	239.265	234.881	260.657	251.124	191.732	185.643	213.132	201.624	242.579	228.548
NSA......FQY	TYS....SGN	DKSSKY	CAMGGSGGSQGNLIF	LNH.......DA	SQI....VND	E.KKES	CASSIRASNEQFF	TRAV12-3*01	TRBV19*01	GILGFVFTL	HomoSapiens	105.609	100.464	115.955	109.829	133.719	123.882	212.958	212.958	212.958	212.958	231.227	225.137	230.705	228.965	243.232	237.316	257.686	251.056	201.475	199.388	209.653	205.253	226.203	218.270
SVF.......SS	VVTG...GEV	GDARKD	CAGALGSSNTGKLIF	LNH.......DA	SQI....VND	E.KKES	CASSIRSAYEQFF	TRAV27*01	TRBV19*01	GILGFVFTL	HomoSapiens	12.527	9.693	33.887	19.880	80.153	57.394	259.935	259.935	259.935	259.935	267.242	264.806	223.398	222.354	234.881	230.496	257.365	247.511	191.732	185.643	213.306	201.674	242.253	228.640
SVF.......SS	VVTG...GEV	GDARKD	CAGGGSQGNLIF	LNH.......DA	SQI....VND	E.KKES	CASSIRSAYEQFF	TRAV27*01	TRBV19*01	GILGFVFTL	HomoSapiens	18.964	11.234	52.196	35.436	76.858	63.412	244.276	244.276	244.276	244.276	257.847	253.323	216.090	213.306	230.287	224.581	249.174	239.905	176.769	162.503	200.953	185.866	230.966	216.152
TISG.....TDY	GLT.....SN	AEDRKS	CILPLAGGTSYGKLTF	LNH.......DA	SQI....VND	E.KKES	CASSIRSAYEQYF	TRAV26-2*01	TRBV19*01	GILGFVFTL	HomoSapiens	111.873	96.338	134.745	121.048	154.401	143.127	221.310	221.310	221.310	221.310	238.012	232.445	101.260	93.952	159.928	130.907	228.778	198.424	215.394	211.567	226.181	220.166	249.234	239.102
SVF.......SS	VVTG...GEV	GDARKD	CAGADSSSNTGKLIF	LNH.......DA	SQI....VND	E.KKES	CASSIRSAYEQYF	TRAV27*01	TRBV19*01	GILGFVFTL	HomoSapiens	26.620	25.501	41.676	32.075	85.829	63.900	253.671	253.671	253.671	253.671	262.544	259.587	222.354	220.614	232.793	227.573	252.065	243.037	199.040	190.340	214.698	205.154	238.600	227.197
SVF.......SS	VVTG...GEV	GDARKD	CAGALGSSNTGKLIF	LNH.......DA	SQI....VND	E.KKES	CASSIRSAYEQYF	TRAV27*01	TRBV19*01	GILGFVFTL	HomoSapiens	12.527	9.693	33.887	19.880	80.153	57.394	259.935	259.935	259.935	259.935	267.242	264.806	223.398	222.354	234.881	230.496	257.365	247.511	191.732	185.643	213.306	201.674	242.253	228.640
SVF.......SS	VVTG...GEV	GDARKD	CAGARGSSNTGKLIF	LNH.......DA	SQI....VND	E.KKES	CASSIRSAYEQYF	TRAV27*01	TRBV19*01	GILGFVFTL	HomoSapiens	15.659	13.869	35.332	22.289	81.001	58.505	259.935	259.935	259.935	259.935	267.242	264.806	235.924	234.881	239.891	238.012	261.219	252.226	191.732	185.643	211.219	200.581	240.818	226.944
SVF.......SS	VVTG...GEV	GDARKD	CAGASGSGNTGKLIF	LNH.......DA	SQI....VND	E.KKES	CASSIRSAYEQYF	TRAV27*01	TRBV19*01	GILGFVFTL	HomoSapiens	22.966	21.475	40.552	29.367	77.576	59.123	256.803	256.803	256.803	256.803	265.676	262.718	231.227	229.661	238.639	235.646	258.328	249.897	194.864	186.687	212.784	202.221	240.035	227.343
SVF.......SS	VVTG...GEV	GDARKD	CAGASGSSNTGKLIF	LNH.......DA	SQI....VND	E.KKES	CASSIRSAYEQYF	TRAV27*01	TRBV19*01	GILGFVFTL	HomoSapiens	12.527	12.527	33.164	19.915	79.729	56.864	256.803	256.803	256.803	256.803	265.676	262.718	235.924	234.881	239.891	238.012	259.854	251.503	190.688	184.599	210.871	199.934	239.970	226.529
SVF.......SS	VVTG...GEV	GDARKD	CAGAYGSSNTGKLIF	LNH.......DA	SQI....VND	E.KKES	CASSIRSAYEQYF	TRAV27*01	TRBV19*01	GILGFVFTL	HomoSapiens	14.093	12.974	34.128	21.199	79.337	57.251	259.935	259.935	259.935	259.935	264.110	262.718	230.183	229.313	237.386	234.393	260.015	250.470	191.732	185.643	213.306	201.674	242.188	228.625
SVF.......SS	VVTG...GEV	GDARKD	CAGGGSQGNLIF	LNH.......DA	SQI....VND	E.KKES	CASSIRSAYEQYF	TRAV27*01	TRBV19*01	GILGFVFTL	HomoSapiens	18.964	11.234	52.196	35.436	76.858	63.412	244.276	244.276	244.276	244.276	257.847	253.323	216.090	213.306	230.287	224.581	249.174	239.905	176.769	162.503	200.953	185.866	230.966	216.152
TTL.......SN	LVKS...GEV	GEAKKN	CAGSYGGSQGNLIF	LNH.......DA	SQI....VND	E.KKES	CASSIRSMDIQYF	TRAV25*01	TRBV19*01	GILGFVFTL	HomoSapiens	35.493	31.019	50.590	41.470	85.699	67.734	278.725	278.725	278.725	278.725	279.769	279.421	250.539	250.191	256.594	254.019	264.913	260.508	209.131	203.911	223.050	215.295	244.406	233.875
SIF.......NT	LYKA...GEL	GITRKD	CAGAHGGSQGNLIF	LNH.......DA	SQI....VND	E.KKES	CASSIRSSDTQYF	TRAV35*01	TRBV19*01	GILGFVFTL	HomoSapiens	61.591	58.310	69.541	64.585	89.222	77.995	262.022	262.022	262.022	262.022	269.852	267.242	238.012	233.837	250.539	245.250	264.190	257.124	203.215	195.386	222.006	211.219	246.168	233.998
TISG.....NEY	GLK.....NN	TEDRKS	CTDNARLMF	LNH.......DA	SQI....VND	E.KKES	CASSIRSSYEQYF	TRAV26-1*01	TRBV19*01	GILGFVFTL	HomoSapiens	103.869	88.186	122.941	110.724	141.940	131.256	202.519	202.519	202.519	202.519	212.958	209.479	194.690	192.080	211.288	203.285	227.413	219.520	189.296	185.295	199.388	193.721	217.460	207.716
TISG.....NEY	GLK.....NN	TEDRKS	CTDNARLMFT	LNH.......DA	SQI....VND	E.KKES	CASSIRSSYEQYF	TRAV26-1*01	TRBV19*01	GILGFVFTL	HomoSapiens	114.657	98.327	133.059	120.968	154.662	142.757	219.222	219.222	219.222	219.222	229.661	226.181	208.261	206.695	219.013	214.211	238.012	229.110	191.384	187.209	206.695	198.741	229.270	217.810
TISG.....TDY	GLT.....SN	AEDRKS	CILDLMEYGNKLVF	LNH.......DA	SQI....VND	E.KKES	CASSIRSSYEQYF	TRAV26-2*01	TRBV19*01	GILGFVFTL	HomoSapiens	118.310	107.921	138.760	127.300	157.664	147.320	212.958	212.958	212.958	212.958	232.793	226.181	187.383	181.989	207.321	198.831	231.508	218.488	211.219	206.347	222.702	216.339	238.273	229.899
SVF.......SS	VVTG...GEV	GDARKD	CAAGGSQGNLIF	LNH.......DA	SQI....VND	E.KKES	CASSIRSSYEQYF	TRAV27*01	TRBV19*01	GILGFVFTL	HomoSapiens	17.399	11.234	50.108	33.600	76.369	62.235	244.276	244.276	244.276	244.276	257.847	253.323	212.958	210.175	227.782	222.075	247.006	237.783	175.725	160.937	199.214	184.474	230.118	214.540
SVF.......SS	VVTG...GEV	GDARKD	CAGAFGSSNTGKLIF	LNH.......DA	SQI....VND	E.KKES	CASSIRSSYEQYF	TRAV27*01	TRBV19*01	GILGFVFTL	HomoSapiens	21.922	19.685	40.391	28.530	81.001	60.806	259.935	259.935	259.935	259.935	267.242	264.806	230.183	229.313	236.133	233.767	257.686	248.692	189.644	183.555	212.088	200.133	240.883	227.074
SVF.......SS	VVTG...GEV	GDARKD	CAGEGGGSQGNLIF	LNH.......DA	SQI....VND	E.KKES	CASSIRSSYEQYF	TRAV27*01	TRBV19*01	GILGFVFTL	HomoSapiens	44.018	41.955	51.393	47.389	70.464	60.581	264.110	264.110	264.110	264.110	271.418	268.982	231.227	230.357	240.518	235.368	260.738	251.813	186.165	177.639	202.345	192.329	232.075	218.140
NYS......PAY	IREN...EKE	DTTLKQ	CAPYNFNKFYF	LNH.......DA	SQI....VND	E.KKES	CASSIRSSYEQYF	TRAV6*01	TRBV19*01	GILGFVFTL	HomoSapiens	143.364	140.382	152.010	147.215	165.004	158.100	214.002	214.002	214.002	214.002	239.578	231.053	221.832	220.266	233.002	228.339	248.853	241.282	212.610	212.088	218.874	215.692	236.577	227.819
SSV......SVY	YLSG..STLV	NKSQTS	CAVGGSQGNLIF	LNH.......DA	SQI....VND	E.KKES	CASSIRSSYEQYF	TRAV8-6*01	TRBV19*01	GILGFVFTL	HomoSapiens	64.549	57.564	89.616	74.680	125.302	107.452	241.144	241.144	241.144	241.144	254.193	249.843	211.393	208.783	224.441	218.944	240.020	232.517	208.435	204.085	215.916	211.119	232.858	224.173
TTL.......SN	LVKS...GEV	GEAKKN	CAANYGGSQGNLIF	LNH.......DA	SQI....VND	E.KKES	CASSIRSTDTQYF	TRAV25*01	TRBV19*01	GILGFVFTL	HomoSapiens	12.527	8.948	30.836	20.511	72.324	50.294	268.286	268.286	268.286	268.286	274.027	272.114	245.842	244.972	252.836	250.191	261.862	257.330	199.735	190.862	214.350	205.253	242.710	229.377
TTL.......SN	LVKS...GEV	GEAKKN	CAGNYGGSQGNLIF	LNH.......DA	SQI....VND	E.KKES	CASSIRSTDTQYF	TRAV25*01	TRBV19*01	GILGFVFTL	HomoSapiens	12.527	8.948	30.836	20.511	72.324	50.294	268.286	268.286	268.286	268.286	274.027	272.114	245.842	244.972	252.836	250.191	261.862	257.330	199.735	190.862	214.350	205.253	242.710	229.377
TTL.......SN	LVKS...GEV	GEAKKN	CAGQYGGSQGNLIF	LNH.......DA	SQI....VND	E.KKES	CASSIRSTDTQYF	TRAV25*01	TRBV19*01	GILGFVFTL	HomoSapiens	20.356	17.896	35.172	26.350	74.020	53.321	262.022	262.022	262.022	262.022	271.940	268.634	245.842	243.928	251.583	249.078	261.621	256.505	196.604	187.209	216.438	205.005	242.971	229.853
SVF.......SS	VVTG...GEV	GDARKD	CAGSHGGSQGNLIF	LNH.......DA	SQI....VND	E.KKES	CASSIRSTDTQYF	TRAV27*01	TRBV19*01	GILGFVFTL	HomoSapiens	34.275	30.820	45.611	39.393	66.647	54.780	266.198	266.198	266.198	266.198	268.808	267.938	241.144	239.404	247.825	244.972	260.657	254.703	184.773	171.202	211.393	195.610	240.100	225.493
DRG......SQS	IYS....NGD	NKASQY	CAVNRPMNYGGATNKLIF	LNH.......DA	SQI....VND	E.KKES	CASSIYGLSSYNEQFF	TRAV12-2*01	TRBV19*01	GILGFVFTL	HomoSapiens	183.207	173.588	203.242	191.071	225.877	214.249	248.451	248.451	248.451	248.451	274.027	265.502	268.808	264.806	284.153	277.820	299.603	292.376	234.185	231.749	250.191	242.437	269.721	260.203
TSDP.....SYG	QGSY..DQQN	QKARKS	CAMRGDAGGTSYGKLTF	LNH.......DA	SQI....VND	E.KKES	CASSIYSNQPQHF	TRAV14/DV4*01	TRBV19*01	GILGFVFTL	HomoSapiens	128.923	109.512	154.740	136.913	186.078	169.699	244.276	244.276	244.276	244.276	245.842	245.320	215.568	215.046	221.101	218.596	246.444	234.158	193.472	186.339	208.435	198.890	232.858	220.857
SVF.......SS	VVTG...GEV	GDARKD	CAGPLSGGSQGNLIF	LNH.......DA	SQI....VND	E.KKES	CASSIYSNQPQHF	TRAV27*01	TRBV19*01	GILGFVFTL	HomoSapiens	69.942	56.968	87.287	76.332	106.414	95.030	284.988	284.988	284.988	284.988	289.686	288.120	205.129	199.040	229.243	219.361	254.394	242.865	201.127	195.038	211.219	204.905	244.015	228.302
SVF.......SS	VVTG...GEV	GDARKD	CAVTYSGAGSYQLTF	LNH.......DA	SQI....VND	E.KKES	CASSIYSTPDQPQHF	TRAV27*01	TRBV19*01	GILGFVFTL	HomoSapiens	139.362	125.866	156.828	145.609	175.997	165.120	288.120	288.120	288.120	288.120	291.774	290.556	174.334	156.587	227.782	205.721	259.372	242.945	211.567	204.259	233.489	221.161	262.675	248.851
NSA......SQS	VYS....SGN	NRASQY	CVVNKFDGSGNTGKLIF	LNH.......DA	SQI....VND	E.KKES	CASSIYSVNEQFF	TRAV12-1*01	TRBV19*01	GILGFVFTL	HomoSapiens	157.457	154.450	163.252	160.040	179.814	170.804	246.364	246.364	246.364	246.364	254.715	251.931	253.671	252.975	258.891	255.968	271.498	265.774	213.654	208.435	223.398	217.681	244.406	234.812
TSES.....DYY	QEAY..KQQN	QKAAKS	CAYRSADRMDSNYQLIW	LNH.......DA	SQI....VND	E.KKES	CASSLLAGPYNEQFF	TRAV38-2/DV8*01	TRBV19*01	GILGFVFTL	HomoSapiens	211.393	203.265	222.193	215.287	238.991	229.965	239.056	239.056	239.056	239.056	266.198	257.151	262.022	260.630	267.242	264.806	278.886	272.427	227.921	226.181	237.316	231.848	259.086	248.260
SVF.......SS	VVTG...GEV	GDARKD	CAGGGQGGSQGNLIF	LNH.......DA	SQI....VND	E.KKES	CASSLYSNQPQHF	TRAV27*01	TRBV19*01	GILGFVFTL	HomoSapiens	75.336	66.761	86.725	79.395	107.327	95.328	288.120	288.120	288.120	288.120	292.818	291.252	212.958	208.435	234.881	226.251	259.372	247.144	188.600	178.683	204.955	195.013	240.557	223.973
TRDT.....TYY	RNSF..DEQN	QKSTSS	CALSEAGTGGSYIPTF	LNH.......DA	SQI....VND	E.KKES	CASSMFVGQPQHF	TRAV19*01	TRBV19*01	GILGFVFTL	HomoSapiens	168.070	159.122	196.657	180.884	225.844	210.760	217.134	217.134	217.134	217.134	249.495	238.708	183.729	183.729	200.223	191.106	249.495	228.479	203.215	198.692	216.438	208.783	250.213	235.072
TRDT.....TYY	RNSF..DEQN	QKSTSS	CAPVNAGNMLTF	LNH.......DA	SQI....VND	E.KKES	CASSMRSSYEQYF	TRAV19*01	TRBV19*01	GILGFVFTL	HomoSapiens	128.923	120.547	142.856	133.793	165.558	153.050	209.827	209.827	209.827	209.827	220.266	216.786	195.212	192.776	206.486	201.475	228.055	217.134	191.732	183.381	208.087	198.393	227.182	217.119
TTL.......SN	LVKS...GEV	GEAKKN	CAGNYGGSQGNLIF	LNH.......DA	SQI....VND	E.KKES	CASSMRSTDTQYF	TRAV25*01	TRBV19*01	GILGFVFTL	HomoSapiens	14.093	11.930	34.690	23.781	75.912	54.038	268.286	268.286	268.286	268.286	274.027	272.114	245.842	244.972	254.089	250.748	262.344	257.973	199.735	190.862	214.350	205.253	243.101	229.607
VGI.......SA	LSS.....GK	NIQEKH	CAVSIEETSGSRLTF	LNH.......DA	SQI....VND	E.KKES	CASSPYHTNEQFF	TRAV41*01	TRBV19*01	GILGFVFTL	HomoSapiens	190.340	186.314	198.263	193.698	206.042	201.784	269.330	269.330	269.330	269.330	269.852	269.678	248.451	247.408	252.418	250.400	264.833	259.166	245.668	244.102	248.973	247.060	258.760	253.702
TSEN.....NYY	QEAY..KQQN	QKAAKS	CAFMIGAGGTSYGKLTF	LNH.......DA	SQI....VND	E.KKES	CASSQGSYGYTF	TRAV38-1*01	TRBV19*01	GILGFVFTL	HomoSapiens	141.798	123.281	178.349	157.126	206.369	190.941	238.012	238.012	238.012	238.012	256.281	250.191	218.700	210.871	243.649	232.793	268.768	256.505	236.620	233.315	243.754	239.653	258.760	251.092
DRG......SQS	IYS....NGD	NKASQY	CAVNIAKTSYDKVIF	LNH.......DA	SQI....VND	E.KKES	CASSSHHGSPLGQYF	TRAV12-2*01	TRBV19*01	GILGFVFTL	HomoSapiens	191.210	185.568	204.527	196.531	222.843	213.435	253.671	253.671	253.671	253.671	262.022	259.239	247.930	244.972	272.044	263.066	286.514	279.379	221.310	210.175	236.446	226.529	256.477	245.895
SVF.......SS	VVTG...GEV	GDARKD	CAGAEGGGSQGNLIF	LNH.......DA	SQI....VND	E.KKES	CASSSRASYEQYF	TRAV27*01	TRBV19*01	GILGFVFTL	HomoSapiens	64.201	60.398	71.629	67.292	85.405	77.928	281.857	281.857	281.857	281.857	283.423	282.901	230.183	228.965	239.474	234.811	259.613	250.321	196.604	191.210	214.350	204.557	238.078	226.675
SVF.......SS	VVTG...GEV	GDARKD	CAGAAGSSNTGKLIF	LNH.......DA	SQI....VND	E.KKES	CASSSRSAYEQYF	TRAV27*01	TRBV19*01	GILGFVFTL	HomoSapiens	23.488	22.519	43.041	30.480	85.634	64.436	259.935	259.935	259.935	259.935	267.242	264.806	236.446	235.229	241.144	239.126	259.533	251.916	192.776	186.165	210.871	200.779	237.817	224.426
SVF.......SS	VVTG...GEV	GDARKD	CAGGGSQGNLIF	LNH.......DA	SQI....VND	E.KKES	CASSSRSAYEQYF	TRAV27*01	TRBV19*01	GILGFVFTL	HomoSapiens	27.838	20.182	57.415	42.204	81.360	68.331	244.276	244.276	244.276	244.276	257.847	253.323	216.090	213.306	230.496	224.650	249.174	239.756	174.682	163.546	197.300	184.126	229.335	214.071
SSV......SVY	YLSG..STLV	NKSQTS	CAVSGSQGNLIF	LNH.......DA	SQI....VND	E.KKES	CASSSRSSYEQYF	TRAV8-6*01	TRBV19*01	GILGFVFTL	HomoSapiens	79.163	70.688	100.457	87.666	129.511	114.392	241.144	241.144	241.144	241.144	247.930	245.668	205.129	204.607	220.892	214.907	236.406	228.847	207.739	206.869	211.219	208.982	229.531	221.125
DSA......SNY	IRSN...VGE	NKTAKH	CAANGENNAGNMLTF	LNH.......DA	SQI....VND	E.KKES	CASSTHSGNEQFF	TRAV13-1*01	TRBV19*01	GILGFVFTL	HomoSapiens	163.894	157.283	176.421	169.229	190.547	182.766	263.066	263.066	263.066	263.066	267.764	266.198	246.364	244.972	253.045	249.913	264.753	259.051	218.526	216.264	226.355	221.807	245.254	236.385
SVF.......SS	VVTG...GEV	GDARKD	CAGADGGSQGNLIF	LNH.......DA	SQI....VND	E.KKES	CASSTRSAAPLHF	TRAV27*01	TRBV19*01	GILGFVFTL	HomoSapiens	56.893	54.433	69.220	61.958	93.398	81.680	296.471	296.471	296.471	296.471	297.515	297.167	250.539	248.799	255.550	253.184	270.775	264.248	206.695	201.475	223.919	214.201	251.192	238.596
SVF.......SS	VVTG...GEV	GDARKD	CAGASGSSNTGKLIF	LNH.......DA	SQI....VND	E.KKES	CASSTRSAYEQYF	TRAV27*01	TRBV19*01	GILGFVFTL	HomoSapiens	21.922	19.983	42.319	28.667	84.883	63.414	256.803	256.803	256.803	256.803	265.676	262.718	236.446	235.229	241.144	239.126	261.380	253.120	195.908	189.296	212.958	203.364	240.100	227.266
DSA......SNY	IRSN...VGE	NKTAKH	CAATGGGSQGNLIF	LNH.......DA	SQI....VND	E.KKES	CASSTRSQETQYF	TRAV13-1*01	TRBV19*01	GILGFVFTL	HomoSapiens	102.999	100.017	109.290	105.539	121.649	114.631	252.627	252.627	252.627	252.627	255.237	254.367	250.539	249.495	256.176	253.949	263.709	260.152	215.046	213.828	218.700	216.538	233.380	226.391
TSDP.....SYG	QGSY..DQQN	QKARKS	CASGGSQGNLIF	LNH.......DA	SQI....VND	E.KKES	CASSTRSSYEQYF	TRAV14/DV4*01	TRBV19*01	GILGFVFTL	HomoSapiens	85.253	82.767	102.785	92.541	132.186	117.871	241.144	241.144	241.144	241.144	242.188	241.840	215.568	212.262	227.573	222.423	242.830	235.385	199.040	197.996	207.043	202.370	226.203	216.981
TTL.......SN	LVKS...GEV	GEAKKN	CAANYGGSQGNLIF	LNH.......DA	SQI....VND	E.KKES	CASSTRSTDTQYF	TRAV25*01	TRBV19*01	GILGFVFTL	HomoSapiens	14.615	10.737	34.208	23.574	74.575	53.269	268.286	268.286	268.286	268.286	274.027	272.114	245.842	244.972	254.089	250.748	262.906	258.328	200.083	193.124	214.350	205.949	243.036	229.653
TTL.......SN	LVKS...GEV	GEAKKN	CAGNYGGSQGNLIF	LNH.......DA	SQI....VND	E.KKES	CASSTRSTDTQYF	TRAV25*01	TRBV19*01	GILGFVFTL	HomoSapiens	14.615	10.737	34.208	23.574	74.575	53.269	268.286	268.286	268.286	268.286	274.027	272.114	245.842	244.972	254.089	250.748	262.906	258.328	200.083	193.124	214.350	205.949	243.036	229.653
TTL.......SN	LVKS...GEV	GEAKKN	CAGQTGGSQGNLIF	LNH.......DA	SQI....VND	E.KKES	CASSTRSTDTQYF	TRAV25*01	TRBV19*01	GILGFVFTL	HomoSapiens	31.317	28.633	46.896	38.177	80.740	62.716	268.286	268.286	268.286	268.286	274.549	272.461	245.842	243.928	255.759	252.001	263.468	259.040	201.127	193.646	217.482	208.037	242.057	229.822
SVF.......SS	VVTG...GEV	GDARKD	CAGADGGSQGNLIF	LNH.......DA	SQI....VND	E.KKES	CASSTRSTDTQYF	TRAV27*01	TRBV19*01	GILGFVFTL	HomoSapiens	30.273	25.054	44.567	36.617	70.399	56.031	278.725	278.725	278.725	278.725	279.769	279.421	240.100	239.056	248.034	244.345	260.416	254.463	185.817	172.246	209.305	195.013	240.753	225.616
SVF.......SS	VVTG...GEV	GDARKD	CAGAGGGSQGNLIF	LNH.......DA	SQI....VND	E.KKES	CASSTRSTDTQYF	TRAV27*01	TRBV19*01	GILGFVFTL	HomoSapiens	26.098	21.326	42.399	33.589	66.354	53.313	278.725	278.725	278.725	278.725	279.769	279.421	247.408	246.712	254.715	251.653	265.395	260.072	181.641	165.982	207.913	191.931	238.795	223.444
VSG......NPY	YITG..DNLV	NKSQTS	CAVTPAGGSQGNLIF	LNH.......DA	SQI....VND	E.KKES	CASSTRSTDTQYF	TRAV3*01	TRBV19*01	GILGFVFTL	HomoSapiens	115.004	113.985	119.086	116.551	133.784	125.465	251.583	251.583	251.583	251.583	267.242	262.022	223.398	222.702	232.793	228.687	248.050	240.570	218.874	213.828	231.401	224.292	248.321	240.208
TTS.......DR	LLSN...GAV	DTKARL	CAVDEGLGNYGGSQGNLIF	LNH.......DA	SQI....VND	E.KKES	CASSTYSTDTQYF	TRAV39*01	TRBV19*01	GILGFVFTL	HomoSapiens	125.618	123.132	134.344	129.480	155.315	144.244	298.559	298.559	298.559	298.559	304.301	302.387	256.803	255.063	270.582	265.224	293.500	282.774	226.877	219.570	248.625	236.968	276.637	263.204
SVF.......SS	VVTG...GEV	GDARKD	CAGAYGGSQGNLIF	LNH.......DA	SQI....VND	E.KKES	CASSVRSADTQYF	TRAV27*01	TRBV19*01	GILGFVFTL	HomoSapiens	38.103	35.046	51.071	44.567	68.572	58.736	272.461	272.461	272.461	272.461	276.637	275.245	241.666	238.708	252.210	247.686	264.753	258.030	184.773	174.856	212.436	197.399	243.036	227.796
ATG......YPS	ATKA...DDK	RKETTS	CALGIGFGNVLHC	LNH.......DA	SQI....VND	E.KKES	CASSVRSTDTQYF	TRAV9-2*01	TRBV19*01	GILGFVFTL	HomoSapiens	152.585	150.522	157.711	154.752	167.581	162.196	205.651	205.651	205.651	205.651	233.837	224.441	209.827	200.779	234.463	223.328	256.722	245.607	214.350	211.393	224.267	218.427	245.254	235.648
YSG......SPE	HI......SR	NKGETS	CALGGAQKLVF	LNH.......DA	SQI....VND	E.KKES	CASSVRSTGELFF	TRAV16*01	TRBV19*01	GILGFVFTL	HomoSapiens	151.020	147.788	156.507	153.134	172.637	163.952	234.881	234.881	234.881	234.881	244.276	241.144	203.563	200.779	222.145	214.907	241.305	232.426	198.344	195.212	207.913	202.420	230.248	220.066
TTL.......SN	LVKS...GEV	GEAKKN	CAGNYGGSQGNLIF	LNH.......DA	SQI....VND	E.KKES	CASSVRSTGELFF	TRAV25*01	TRBV19*01	GILGFVFTL	HomoSapiens	46.976	44.739	57.335	51.691	90.657	74.219	280.813	280.813	280.813	280.813	281.335	281.161	234.881	232.097	247.825	242.258	265.957	257.778	214.350	212.610	225.659	220.166	250.083	239.486
TSDP.....SYG	QGSY..DQQN	QKARKS	CAMRGDAGGTSYGKLTF	LNH.......DA	SQI....VND	E.KKES	CASSVYSNQPQHF	TRAV14/DV4*01	TRBV19*01	GILGFVFTL	HomoSapiens	130.489	110.406	156.507	138.565	188.035	171.522	244.276	244.276	244.276	244.276	245.842	245.320	215.568	215.046	220.475	217.969	246.203	233.642	194.516	187.904	210.001	200.481	233.641	221.924
SVF.......SS	VVTG...GEV	GDARKD	CAGPLGGGSQGNLIF	LNH.......DA	SQI....VND	E.KKES	CASSYYSNQPQHF	TRAV27*01	TRBV19*01	GILGFVFTL	HomoSapiens	72.030	60.398	84.959	76.733	108.045	96.315	288.120	288.120	288.120	288.120	292.818	291.252	208.261	202.171	233.628	223.328	256.722	245.159	194.168	192.602	208.609	201.277	241.862	225.777
TSEN.....NYY	QEAY..KQQN	QKAAKS	CAFMIGAGGTSYGKLTF	LNH.......NV	YYD....KDF	P.NTSF	CATSQGSYGYTF	TRAV38-1*01	TRBV15*01	GILGFVFTL	HomoSapiens	171.550	142.320	214.484	187.721	251.159	231.239	233.837	233.837	233.837	233.837	252.105	246.016	218.178	214.698	234.881	228.339	262.906	249.679	220.962	216.090	237.490	228.219	261.370	250.516
SVF.......SS	VVTG...GEV	GDARKD	CAGGGSQGNLIF	DFQ......ATT	SNEG...SKA	A.SLTL	CSVRTIYEEQYF	TRAV27*01	TRBV20-1*01	GILGFVFTL	HomoSapiens	133.621	128.551	150.243	139.678	179.618	164.907	292.296	292.296	292.296	292.296	292.818	292.644	194.690	193.820	212.958	205.929	235.764	224.774	191.036	180.597	207.913	197.001	238.339	223.927
TSEN.....NYY	QEAY..KQQN	QKAAKS	CAFIQGAQKLVF	MNH.......EY	SMN....VEV	K.EKRN	CASSLEVGQETQYF	TRAV38-1*01	TRBV27*01	GILGFVFTL	HomoSapiens	207.739	198.940	220.828	212.695	236.381	228.222	238.012	238.012	238.012	238.012	247.930	244.624	212.436	206.695	226.738	220.475	248.612	238.529	217.134	216.090	224.963	220.614	238.469	232.163
DRG......SQS	IYS....NGD	NKASQY	CAVNSGGYQKVTF	MDH.......EN	SYD....VKM	E.KKER	CASSFSGDTEAFF	TRAV12-2*01	TRBV28*01	GILGFVFTL	HomoSapiens	200.257	196.057	216.411	207.452	237.784	226.907	228.617	228.617	228.617	228.617	240.622	236.620	195.212	186.165	221.936	210.523	244.838	233.309	184.773	174.334	201.649	190.986	224.768	213.051
SVF.......SS	VVTG...GEV	GDARKD	CAGGGSQGNLIF	SQV.......TM	ANQG...SEA	P.NLTF	CSAARTGGNEKLFF	TRAV27*01	TRBV29-1*01	GILGFVFTL	HomoSapiens	151.541	141.028	170.559	158.239	199.551	184.308	287.076	287.076	287.076	287.076	291.774	290.208	233.837	230.009	249.495	242.675	261.862	255.988	196.952	190.862	217.482	205.800	253.932	237.191
TRDT.....TYY	RNSF..DEQN	QKSTSS	CALSEAGTGGSYIPTF	SQV.......TM	ANQG...SEA	P.NLTF	CSVEISGKEDTQYF	TRAV19*01	TRBV29-1*01	GILGFVFTL	HomoSapiens	218.700	193.124	257.445	234.215	292.687	273.756	226.529	226.529	226.529	226.529	258.891	248.103	205.651	199.388	233.210	222.354	260.175	247.109	244.276	241.666	251.409	246.960	269.004	260.579
SVF.......SS	VVTG...GEV	GDARKD	CAGGGSQGNLIF	SQV.......TM	ANQG...SEA	P.NLTF	CSVVVGDLYNEQFF	TRAV27*01	TRBV29-1*01	GILGFVFTL	HomoSapiens	131.707	124.822	152.893	139.586	187.122	169.859	293.340	293.340	293.340	293.340	293.340	293.340	224.963	224.441	233.837	230.009	253.430	243.094	215.394	211.393	225.659	219.669	251.648	238.327
DSA......SNY	IRSN...VGE	NKTAKH	CAANGENNAGNMLTF	LGH.......NA	YSL....EER	P.NSSH	CASSQERGGKWAYEQYF	TRAV13-1*01	TRBV4-3*01	GILGFVFTL	HomoSapiens	169.114	159.222	216.170	192.172	254.519	234.325	283.945	283.945	283.945	283.945	287.076	286.032	201.997	183.033	240.309	222.562	273.024	257.480	253.323	252.801	263.066	258.393	276.768	270.128
TRDT.....TYY	RNSF..DEQN	QKSTSS	CALSNQGGKLIF	LGH.......NA	YSL....EER	P.NSSH	CASSQERGGKWAYEQYF	TRAV19*01	TRBV4-3*01	GILGFVFTL	HomoSapiens	156.935	150.622	199.227	178.222	237.588	217.397	211.914	211.914	211.914	211.914	226.529	221.658	135.709	115.526	184.355	162.711	228.617	207.808	219.918	213.828	229.487	223.447	246.886	237.951
TTL.......SN	LVKS...GEV	GEAKKN	CAGSYGGSQGNLIF	LGH.......NA	YSL....EER	P.NSSH	CASSQERGGKWAYEQYF	TRAV25*01	TRBV4-3*01	GILGFVFTL	HomoSapiens	136.579	120.796	154.419	143.005	184.186	168.381	276.637	276.637	276.637	276.637	282.901	280.813	208.261	195.908	243.649	227.712	271.498	258.214	236.968	236.098	243.058	239.504	265.415	254.830
SVF.......SS	VVTG...GEV	GDARKD	CAGGGSQGNLIF	LGH.......NA	YSL....EER	P.NSSH	CASSQERGGKWAYEQYF	TRAV27*01	TRBV4-3*01	GILGFVFTL	HomoSapiens	113.265	106.032	135.066	122.023	171.920	153.271	264.110	264.110	264.110	264.110	271.940	269.330	211.914	201.127	239.056	227.782	261.942	250.057	227.921	222.006	242.014	233.986	261.631	252.481
DSA......IYN	IQSS...QRE	DKSSGR	CAVNSGGGADGLTF	MNH.......NS	SAS....EGT	L.NKRE	CASSEDPATNEKLFF	TRAV21*01	TRBV6-1*01	GILGFVFTL	HomoSapiens	241.492	236.322	252.467	246.042	265.807	258.493	259.935	259.935	259.935	259.935	275.593	270.374	238.012	237.316	246.781	242.466	260.015	253.981	242.536	238.534	249.669	245.320	266.133	258.092
SVF.......SS	VVTG...GEV	GDARKD	CAGGGSQGNLIF	MRH.......NA	SNT....AGT	A.NTDD	CASSDSRTPFQRPLFEAFF	TRAV27*01	TRBV6-4*01	GILGFVFTL	HomoSapiens	164.764	164.640	181.641	172.177	211.947	196.881	312.130	312.130	312.130	312.130	312.652	312.478	280.813	280.465	286.450	283.945	301.611	293.994	226.877	224.093	257.499	242.437	289.034	274.703
TSES.....DYY	QEAY..KQQN	QKAAKS	CAYRADSNYQLIW	MNH.......EY	SVG....AGI	S.TTED	CASSYNVRDGDYGYTF	TRAV38-2/DV8*01	TRBV6-5*01	GILGFVFTL	HomoSapiens	229.139	226.430	245.721	237.152	268.775	256.170	238.012	238.012	238.012	238.012	266.720	257.151	242.710	240.448	257.012	250.957	273.746	265.739	238.708	236.272	246.364	242.238	260.391	253.218
TRDT.....TYY	RNSF..DEQN	QKSTSS	CALSEAGTGGSYIPTF	SGH.......TA	FQG....NSA	T.GGSV	CASSGLEGAGDTQYF	TRAV19*01	TRBV7-2*01	GILGFVFTL	HomoSapiens	202.519	178.161	244.838	220.163	276.344	258.610	196.256	196.256	196.256	196.256	228.617	217.830	221.832	220.614	231.749	226.877	260.336	246.455	221.310	218.874	235.751	228.518	260.391	248.712
SVF.......SS	VVTG...GEV	GDARKD	CAGADQGGKLIF	SGH.......TA	FQG....TGA	P.EGSV	CASSWVVPPNEQFF	TRAV27*01	TRBV7-3*01	GILGFVFTL	HomoSapiens	182.859	180.746	185.014	183.603	189.601	186.433	245.320	245.320	245.320	245.320	246.364	246.016	197.822	196.952	211.288	205.721	234.078	223.524	191.036	187.730	199.735	194.764	228.160	214.954
VSG......NPY	YITG..DNLV	NKSQTS	CAVRDNYGQNFVF	SGH.......VS	FNY....EAQ	P.EGSI	CASSLAGEVNEQFF	TRAV3*01	TRBV7-6*01	GILGFVFTL	HomoSapiens	205.303	188.700	228.778	213.509	254.421	240.741	249.495	249.495	249.495	249.495	263.066	258.543	171.724	165.982	193.333	183.311	221.711	208.530	179.553	172.594	196.952	186.214	232.923	217.541
SVF.......SS	VVTG...GEV	GDARKD	CAGAAGSSNTGKLIF	SGH.......VS	FNY....EAQ	P.EGSI	CASSLGQGRETQYF	TRAV27*01	TRBV7-6*01	GILGFVFTL	HomoSapiens	148.758	147.788	156.828	151.092	190.155	173.879	250.539	250.539	250.539	250.539	257.325	255.063	209.305	204.955	222.771	215.951	245.641	235.523	209.131	208.957	221.484	215.046	243.297	232.486
DSA......IYN	IQSS...QRE	DKSSGR	CAARTRGSTLGRLYF	SGH.......NS	FNN....NVP	P.NASF	CASSSANYGYTF	TRAV21*01	TRBV12-3*01	NLVPMVATV	HomoSapiens	230.705	220.514	249.254	238.173	266.578	257.495	253.671	253.671	253.671	253.671	264.632	260.978	205.129	204.259	213.376	209.757	240.421	227.917	228.269	227.399	234.185	230.854	252.823	243.915
TSDP.....SYG	QGSY..DQQN	QKARKS	CAMREVFNDYKLSF	SGH.......NS	FNN....NVP	P.NASF	CASSVVERAFF	TRAV14/DV4*01	TRBV12-3*01	NLVPMVATV	HomoSapiens	215.046	206.645	235.202	223.879	255.221	244.598	202.519	202.519	202.519	202.519	229.661	220.614	143.016	136.753	174.542	160.415	221.631	200.030	185.469	181.293	200.431	192.726	227.443	214.041
VSN......AYN	GS......KP	ER..FS	CAVSNNNDMRF	SGH.......NS	FNN....NVP	P.NASF	CASSVVERAFF	TRAV2*01	TRBV12-3*01	NLVPMVATV	HomoSapiens	233.141	224.988	244.276	237.381	259.428	251.371	244.276	244.276	244.276	244.276	251.061	248.799	152.411	149.280	177.257	168.279	206.695	191.071	209.827	205.303	219.222	213.605	240.426	229.861
VSG......NPY	YITG..DNLV	NKSQTS	CAVRDISARLMF	SGH.......NS	FNN....NVP	P.NASF	CASSVVERAFF	TRAV3*01	TRBV12-3*01	NLVPMVATV	HomoSapiens	206.173	193.919	224.923	213.371	249.274	236.769	256.803	256.803	256.803	256.803	260.456	259.239	94.996	85.253	139.676	119.911	191.759	167.703	175.378	163.199	200.779	185.668	233.902	218.009
TISG.....TDY	GLT.....SN	AEDRKS	CILIPTGTYKYIF	MNH.......EY	SMN....VEV	K.EKRN	CASSLEGFTEAFF	TRAV26-2*01	TRBV27*01	NLVPMVATV	HomoSapiens	209.131	204.657	227.573	217.329	248.926	238.632	245.320	245.320	245.320	245.320	246.886	246.364	234.881	230.705	242.606	239.126	258.569	250.367	214.698	209.479	227.573	220.465	244.472	236.469
NSA......FQY	TYS....SGN	DKSSKY	CAMSSAGGTSYGKLTF	SGH.......DN	FVK....ESK	T.GGTY	CASSQSPGGTQYF	TRAV12-3*01	TRBV14*01	GLCTLVAML	HomoSapiens	216.438	211.169	230.866	222.996	248.546	239.159	108.567	108.567	108.567	108.567	108.567	108.567	200.431	199.735	215.046	207.600	244.918	230.579	184.425	178.161	200.779	191.533	227.704	214.747
NSA......FQY	TYS....SGN	DKSSKY	CATSPPLTQGGSEKLVF	SGH.......DN	FVK....ESK	T.GGTY	CASSQSPGGTQYF	TRAV12-3*01	TRBV14*01	GLCTLVAML	HomoSapiens	253.671	248.153	263.066	257.158	276.384	269.294	108.567	108.567	108.567	108.567	108.567	108.567	229.139	224.441	246.155	238.499	267.162	257.296	213.654	210.871	219.048	215.692	243.232	232.071
TRDT.....TYY	RNSF..DEQN	QKSTSS	CALSLSGYSTLTF	SGH.......DN	FVK....ESK	T.GGTY	CASSQSPGGTQYF	TRAV19*01	TRBV14*01	GLCTLVAML	HomoSapiens	203.041	198.791	222.755	211.502	251.077	237.015	147.192	147.192	147.192	147.192	147.192	147.192	184.251	179.901	197.300	190.967	226.449	212.717	194.168	183.381	211.219	200.630	234.489	223.375
TISG.....NEY	GLK.....NN	TEDRKS	CIVSRTRRGNKLVF	SGH.......DN	FVK....ESK	T.GGTY	CASSQSPGGTQYF	TRAV26-1*01	TRBV14*01	GLCTLVAML	HomoSapiens	226.181	218.725	243.071	233.125	261.927	252.132	147.192	147.192	147.192	147.192	147.192	147.192	203.041	195.560	222.980	214.211	242.108	232.414	196.604	187.904	211.219	201.575	244.667	230.260
DSV.......NN	IPS.....GT	VATERY	CAVEHNTDKLIF	SGH.......DN	FVK....ESK	T.GGTY	CASSQSPGGTQYF	TRAV22*01	TRBV14*01	GLCTLVAML	HomoSapiens	229.835	222.453	241.546	233.963	255.411	248.358	149.280	149.280	149.280	149.280	149.280	149.280	203.563	200.779	229.452	219.987	245.561	237.060	231.053	230.531	232.967	231.799	244.211	238.956
DSA......SNY	IRSN...VGE	NKTAKH	CAASEGGFKTIF	SGH.......AT	FQN....NGV	L.KGVD	CASSLGTGHNEQFF	TRAV13-1*01	TRBV11-2*01	GILGFVFTL	HomoSapiens	215.916	212.113	224.843	219.566	241.601	232.769	250.539	250.539	250.539	250.539	253.671	252.627	223.398	221.310	233.210	228.756	244.838	239.320	194.168	189.644	206.347	199.785	224.050	215.614
TSG......FYG	NAL....DGL	SRSDSY	CAVNNYGQNFVF	SGH.......NS	FNN....NVP	P.NASF	CASSTTSGGVETQYF	TRAV1-1*01	TRBV12-3*01	GILGFVFTL	HomoSapiens	235.577	229.910	251.342	242.452	268.416	259.365	223.398	223.398	223.398	223.398	243.754	236.968	195.734	191.036	215.464	207.321	239.538	228.904	210.175	208.087	222.006	214.897	247.995	236.493
TSG......FNG	NVL....DGL	SRSKGY	CAVKWEGSNYQLIW	LNH.......DA	SQI....VND	E.KKES	CASSMRAGVEQFF	TRAV1-2*01	TRBV19*01	GILGFVFTL	HomoSapiens	165.112	160.116	174.815	169.034	185.229	179.423	262.022	262.022	262.022	262.022	262.022	262.022	155.021	148.932	184.146	172.315	227.252	208.209	210.523	208.609	221.658	215.742	240.948	231.795
VSG......LRG	LYSA...GEE	TK..KE	CAVQAGGNKLTF	LNH.......DA	SQI....VND	E.KKES	CASSMRAGVEQFF	TRAV20*01	TRBV19*01	GILGFVFTL	HomoSapiens	155.021	152.262	163.975	158.962	174.040	168.995	240.100	240.100	240.100	240.100	242.188	241.492	225.485	224.093	234.045	230.218	246.845	240.811	213.306	212.262	216.960	214.698	230.770	223.812
NSA......FQY	TYS....SGN	DKSSKY	CAMTNYQLI	MDH.......EN	SYD....VKM	E.KKER	CASSSDRGGYNEQFF	TRAV12-3*01	TRBV28*01	GILGFVFTL	HomoSapiens	203.215	192.826	218.981	209.092	236.022	226.561	249.495	249.495	249.495	249.495	250.017	249.843	221.832	219.918	230.287	226.877	243.152	236.510	164.242	160.589	184.599	174.682	214.720	200.992
VSG......NPY	YITG..DNLV	NKSQTS	CAVRDIGGTALIF	MNH.......NS	SAS....EGT	L.NKRE	CASSDLDSNQPQHF	TRAV3*01	TRBV6-1*01	GILGFVFTL	HomoSapiens	216.960	210.175	231.669	222.996	248.549	239.309	250.539	250.539	250.539	250.539	260.978	257.499	173.290	173.290	199.388	189.923	223.960	211.616	197.648	192.080	212.262	203.265	237.229	225.040
VGI.......SA	LSS.....GK	NIQEKH	CAVRSSGSQGNLIF	MNH.......EY	SVG....AGI	S.TTED	CASSYLYRIGQLEAFF	TRAV41*01	TRBV6-5*01	GILGFVFTL	HomoSapiens	223.746	214.549	235.684	228.158	245.287	239.764	300.647	300.647	300.647	300.647	300.647	300.647	260.978	260.282	274.132	269.121	288.040	281.249	234.881	231.923	242.188	237.366	264.502	253.940
NYS......PAY	IREN...EKE	DTTLKQ	CALVLQYGNKLVF	SGH.......TA	FQG....NSA	T.GGSV	CASSTVSSYEQYF	TRAV6*01	TRBV7-2*01	GILGFVFTL	HomoSapiens	190.514	180.150	210.389	199.124	227.116	217.755	235.924	235.924	235.924	235.924	239.578	238.360	222.876	222.354	233.210	228.756	246.605	240.295	232.445	231.575	238.534	235.577	248.778	243.877
VSG......NPY	YITG..DNLV	NKSQTS	CAVRDGTGANNLFF	SGH.......VS	FNY....EAQ	P.EGSI	CASSEALVLEQFF	TRAV3*01	TRBV7-6*01	GILGFVFTL	HomoSapiens	205.129	188.451	225.726	212.236	249.822	237.571	248.451	248.451	248.451	248.451	249.495	249.147	162.851	160.067	179.553	170.854	215.046	199.238	175.378	167.026	202.693	188.054	233.706	218.807
SSY......SPS	YTSA..ATLV	KKSETS	CVVSAGSIVSGGYNKLIF	ENH.......RY	SYG....VKD	S.KTED	CAIRDKMNTEAFF	TRAV8-2*01	TRBV10-3*01	NLVPMVATV	HomoSapiens	250.713	244.226	263.387	255.828	277.301	269.851	303.779	303.779	303.779	303.779	310.042	307.955	254.193	254.019	263.275	259.239	280.893	272.874	249.147	241.666	263.588	254.864	281.009	272.592
TSG......FYG	NAL....DGL	SRSDSY	CAVRDQEGNTPLVF	ENH.......RY	SYG....VKD	S.KTED	CAISAGTGVRNEQYF	TRAV1-1*01	TRBV10-3*01	NLVPMVATV	HomoSapiens	206.347	191.484	234.800	218.258	258.290	245.869	281.857	281.857	281.857	281.857	282.901	282.553	108.567	105.435	145.939	130.350	208.622	180.046	221.310	218.004	236.794	229.064	252.953	245.051
TISG.....TDY	GLT.....SN	AEDRKS	CILPLAGGTSYGKLTF	ENH.......RY	SYG....VKD	S.KTED	CAISESYEQYF	TRAV26-2*01	TRBV10-3*01	NLVPMVATV	HomoSapiens	152.585	129.147	184.853	164.892	213.022	198.172	198.344	198.344	198.344	198.344	215.046	209.479	117.962	114.831	193.333	164.938	240.502	218.534	209.479	206.173	224.093	216.190	246.494	236.769
DRG......SQS	IYS....NGD	NKASQY	CAVNSGYSTLTF	PRH.......DT	FYE....KMQ	F.SDYH	CASSPGQGGDEQYF	TRAV12-2*01	TRBV13*01	NLVPMVATV	HomoSapiens	185.121	176.869	208.381	195.040	237.127	222.666	233.837	233.837	233.837	233.837	236.968	235.924	230.183	228.617	240.935	236.481	254.394	247.717	197.996	194.168	212.088	204.110	234.228	224.180
SSY......SPS	YTSA..ATLV	KKSETS	CVVSEWAAGNKLTF	SGH.......DN	FVK....ESK	T.GGTY	CASSQEQGDIQYF	TRAV8-2*01	TRBV14*01	NLVPMVATV	HomoSapiens	225.311	215.692	236.647	229.202	254.715	245.351	180.597	180.597	180.597	180.597	187.904	185.469	215.046	210.523	234.881	226.320	251.583	242.945	226.877	226.529	232.097	229.064	248.778	241.328
SVF.......SS	VVTG...GEV	GDARKD	CAGAGSEGSGAGSYQLTF	LNH.......NV	YYD....KDF	P.NTSF	CATSRPTVGSRLRDGYTF	TRAV27*01	TRBV15*01	NLVPMVATV	HomoSapiens	255.585	244.673	269.169	260.623	282.489	275.001	351.799	351.799	351.799	351.799	357.018	355.279	263.588	254.367	303.570	288.051	326.424	315.113	291.600	290.208	305.693	298.659	323.418	314.809
TRDT.....TYY	RNSF..DEQN	QKSTSS	CALSEAGGYSTLTF	DFQ......ATT	SNEG...SKA	A.SLTL	CSAKVEGYEQYF	TRAV19*01	TRBV20-1*01	NLVPMVATV	HomoSapiens	208.261	202.221	227.493	216.033	259.523	243.742	171.202	171.202	171.202	171.202	228.617	209.479	187.383	183.033	208.992	199.944	229.982	219.428	224.441	221.310	228.617	225.833	243.167	236.493
TRDT.....TYY	RNSF..DEQN	QKSTSS	CAHYYGNNRLAF	DFQ......ATT	SNEG...SKA	A.SLTL	CSAPPDSLNTEAFF	TRAV19*01	TRBV20-1*01	NLVPMVATV	HomoSapiens	234.185	228.866	255.518	244.218	281.003	268.243	257.847	257.847	257.847	257.847	258.369	258.195	202.519	193.124	224.233	214.977	244.838	234.078	224.789	221.136	234.359	228.667	255.106	245.097
KTL.......YG	LQKG...GEE	DEKKQQ	CGADPEGDDKIIF	DFQ......ATT	SNEG...SKA	A.SLTL	CSARAEGARDSPLHF	TRAV34*01	TRBV20-1*01	NLVPMVATV	HomoSapiens	273.853	264.210	293.340	281.880	312.953	302.863	314.218	314.218	314.218	314.218	315.784	315.262	256.281	255.759	258.473	257.290	270.615	263.101	243.928	242.188	256.455	250.142	282.183	270.143
TISG.....NEY	GLK.....NN	TEDRKS	CIVRVGAAGNKLTF	DFQ......ATT	SNEG...SKA	A.SLTL	CSARDVPGTTLGGELFF	TRAV26-1*01	TRBV20-1*01	NLVPMVATV	HomoSapiens	275.071	268.733	292.216	282.706	313.206	302.221	241.144	241.144	241.144	241.144	284.466	270.026	243.232	242.188	256.385	251.653	270.695	263.777	250.887	247.234	257.847	253.472	278.007	267.679
NSA......SQS	VYS....SGN	NRASQY	CVVNDGQNFVF	DFQ......ATT	SNEG...SKA	A.SLTL	CSARRTGSTYNEQFF	TRAV12-1*01	TRBV20-1*01	NLVPMVATV	HomoSapiens	226.355	218.576	241.224	232.322	267.337	254.467	266.198	266.198	266.198	266.198	279.769	275.245	235.924	235.577	240.309	238.430	255.839	247.671	203.911	199.388	214.698	208.484	232.271	223.682
VSG......NPY	YITG..DNLV	NKSQTS	CAVKGAGSYQLTF	DFQ......ATT	SNEG...SKA	A.SLTL	CSARYGSTCEQYF	TRAV3*01	TRBV20-1*01	NLVPMVATV	HomoSapiens	215.394	209.926	227.894	220.013	254.019	241.179	281.857	281.857	281.857	281.857	288.120	286.032	184.251	178.857	205.860	195.490	228.858	217.604	209.479	208.087	218.352	213.853	239.187	228.264
VSN......AYN	GS......KP	ER..FS	CAVRFLTDSWGKLQF	DFQ......ATT	SNEG...SKA	A.SLTL	CSATTESNQPQHF	TRAV2*01	TRBV20-1*01	NLVPMVATV	HomoSapiens	250.713	245.220	262.665	255.621	277.555	270.227	298.559	298.559	298.559	298.559	301.691	300.647	194.168	182.685	222.980	210.662	248.532	235.190	204.955	192.428	221.832	210.721	247.930	235.241
TSG......FYG	NAL....DGL	SRSDSY	CAVRDQEGNTPLVF	MDH.......EN	SYD....VKM	E.KKER	CASMGGSNEQFF	TRAV1-1*01	TRBV28*01	NLVPMVATV	HomoSapiens	201.649	184.624	222.514	208.852	243.042	232.333	279.769	279.769	279.769	279.769	282.901	281.857	102.826	101.608	145.104	130.211	205.169	177.637	200.431	194.516	210.871	204.359	236.773	224.587
DSA......IYN	IQSS...QRE	DKSSGR	CAVMTTDSWGKLQF	MDH.......EN	SYD....VKM	E.KKER	CASSTPGAKLGDTGELFF	TRAV21*01	TRBV28*01	NLVPMVATV	HomoSapiens	255.063	253.572	260.898	257.514	272.683	266.784	292.296	292.296	292.296	292.296	293.862	293.340	246.364	242.884	260.352	253.601	281.455	270.901	236.272	231.749	250.539	242.287	276.441	264.732
TTS.......DR	LLSN...GAV	DTKARL	CAVDKDGGATNKLIF	SQV.......TM	ANQG...SEA	P.NLTF	CSDGQAFF	TRAV39*01	TRBV29-1*01	NLVPMVATV	HomoSapiens	246.538	242.039	259.854	252.467	275.878	267.962	263.066	263.066	263.066	263.066	272.461	269.330	227.573	225.137	243.023	236.272	261.460	252.684	209.827	204.781	226.355	217.333	257.064	242.495
TISG.....TDY	GLT.....SN	AEDRKS	CILPLAGGTSYGKLTF	SQV.......TM	ANQG...SEA	P.NLTF	CSVEYRDNEQFF	TRAV26-2*01	TRBV29-1*01	NLVPMVATV	HomoSapiens	191.558	171.798	225.164	205.479	254.082	238.221	230.705	230.705	230.705	230.705	247.408	241.840	132.577	130.837	200.849	174.960	245.320	223.638	224.789	224.267	233.489	228.816	255.628	244.245
VSP......FSN	MTFS...ENT	DADTKQ	CVVSARNTGNQFYF	SQV.......TM	ANQG...SEA	P.NLTF	CSVGLAGSYNEQFF	TRAV10*01	TRBV29-1*01	NLVPMVATV	HomoSapiens	256.281	251.235	265.957	260.118	284.039	274.283	281.857	281.857	281.857	281.857	288.120	286.032	248.451	246.712	257.012	253.601	275.111	266.795	217.482	216.438	229.313	223.696	258.564	245.159
TISG.....TDY	GLT.....SN	AEDRKS	CILPLAGGTSYGKLTF	GTS......NPN	SVG.....IG	P.QDRQ	CAWSVADTQYF	TRAV26-2*01	TRBV30*01	NLVPMVATV	HomoSapiens	191.384	169.561	219.142	201.556	243.074	230.136	202.519	202.519	202.519	202.519	219.222	213.654	123.182	118.310	201.684	173.986	246.926	224.499	230.705	226.007	239.404	234.185	258.630	248.835
ATG......YPS	ATKA...DDK	RKETTS	CALSDRNQGGKLIF	LGH.......NA	YNF....KEQ	P.NSSH	CASSQGKDTQYF	TRAV9-2*01	TRBV4-2*01	NLVPMVATV	HomoSapiens	215.742	208.832	231.829	223.030	244.276	237.553	185.817	185.817	185.817	185.817	205.651	199.040	204.085	203.215	219.222	213.028	240.662	230.980	169.810	160.937	188.948	177.565	232.271	214.286
VSN......AYN	GS......KP	ER..FS	CAVRFLTDSWGKLQF	LGH.......NA	YNF....KEQ	P.NSSH	CASSQRMGLSETQYF	TRAV2*01	TRBV4-2*01	NLVPMVATV	HomoSapiens	254.541	253.075	257.847	255.897	264.047	260.668	259.935	259.935	259.935	259.935	263.066	262.022	183.207	175.378	219.639	203.146	251.182	235.867	231.749	228.791	238.186	234.234	257.455	248.152
TRDT.....TYY	RNSF..DEQN	QKSTSS	CALSEANQAGTALIF	LGH.......NA	YSL....EER	P.NSSH	CASSQERGGKWAYEQYF	TRAV19*01	TRBV4-3*01	NLVPMVATV	HomoSapiens	159.719	141.326	210.068	182.123	257.499	233.178	226.529	226.529	226.529	226.529	254.715	245.320	228.095	224.789	241.562	235.785	264.512	252.776	231.053	228.965	241.492	235.825	267.829	255.214
DSA......IYN	IQSS...QRE	DKSSGR	CAGRNNNARLMF	SGH.......RS	YFS....ETQ	F.SNSR	CASSLVGSGGEQYF	TRAV21*01	TRBV5-1*01	NLVPMVATV	HomoSapiens	220.440	215.792	230.223	224.430	245.921	237.681	211.914	211.914	211.914	211.914	221.310	218.178	194.690	190.340	209.409	202.798	227.573	218.729	214.002	213.654	221.310	217.929	232.467	227.097
SIF.......NT	LYKA...GEL	GITRKD	CAGQLWTGTASKLTF	SGH.......NT	YYR....EEE	F.PNYS	CASSLGRGIYEQYF	TRAV35*01	TRBV5-4*01	NLVPMVATV	HomoSapiens	212.088	204.209	222.916	215.723	236.304	229.149	255.759	255.759	255.759	255.759	263.066	260.630	231.227	227.225	248.869	241.701	267.242	258.030	224.441	214.524	240.796	230.556	258.564	249.672
VSG......NPY	YITG..DNLV	NKSQTS	CAVRDYGSGGYNKLIF	SGH.......NT	YYR....EEE	F.PNYS	CASSSRTSGINEQFF	TRAV3*01	TRBV5-4*01	NLVPMVATV	HomoSapiens	220.440	210.970	241.305	228.858	262.592	251.656	265.154	265.154	265.154	265.154	274.549	271.418	193.646	185.469	212.332	203.354	241.706	228.560	196.952	195.038	212.436	204.607	241.340	228.487
SSV......SVY	YLSG..STLV	NKSQTS	CAVSEGVVWDLYGGSQGNLIF	MNH.......NS	SAS....EGT	L.NKRE	CASREDGTEAFF	TRAV8-6*01	TRBV6-1*01	NLVPMVATV	HomoSapiens	247.408	243.232	259.774	253.052	272.809	265.945	266.198	266.198	266.198	266.198	288.120	280.813	270.896	265.154	285.406	279.073	306.027	296.081	264.806	259.761	277.333	270.026	299.408	288.995
TSG......FYG	NAL....DGL	SRSDSY	CAVRGRSNYGGSQGNLI	MNH.......EY	SVG....AGI	S.TTED	CASRDTSGTAYEQYF	TRAV1-1*01	TRBV6-5*01	NLVPMVATV	HomoSapiens	267.068	260.332	284.266	274.790	299.160	291.291	292.296	292.296	292.296	292.296	303.779	299.951	221.832	221.310	236.968	230.566	269.651	254.325	254.367	252.105	264.632	259.537	284.010	274.311
TSG......FYG	NAL....DGL	SRSDSY	CAVRDQEGNTPLVF	MNH.......EY	SVG....AGI	S.TTED	CASSYSRSDGHLGNTIYF	TRAV1-1*01	TRBV6-5*01	NLVPMVATV	HomoSapiens	257.847	241.393	278.404	264.879	302.134	289.505	294.384	294.384	294.384	294.384	296.471	295.776	160.241	157.283	182.685	171.898	244.517	215.608	256.455	254.367	266.720	261.625	284.662	276.000
DSA......IYN	IQSS...QRE	DKSSGR	CAVEQGFNKFYF	MNH.......NY	SVG....AGI	S.TTED	CASSRLGDGDSNQPQHF	TRAV21*01	TRBV6-6*01	NLVPMVATV	HomoSapiens	235.403	225.187	252.065	241.626	270.753	260.887	270.374	270.374	270.374	270.374	274.549	273.157	249.495	246.364	256.803	253.601	272.783	264.707	243.232	241.840	246.712	244.723	260.261	252.773
SVF.......SS	VVTG...GEV	GDARKD	CAVTYSGAGSYQLTF	SGH.......TA	FQG....NSA	T.GGSV	CASSFLQGNQPQHF	TRAV27*01	TRBV7-2*01	NLVPMVATV	HomoSapiens	171.028	157.830	195.372	180.827	218.842	206.274	267.242	267.242	267.242	267.242	270.896	269.678	229.661	227.573	244.902	238.847	258.088	251.331	229.313	227.573	236.098	232.246	255.759	246.663
VSP......FSN	MTFS...ENT	DADTKQ	CVVVAYSGAGSYQLTF	SGH.......TA	FQG....NSA	T.GGSV	CASSLTGTTYGGYTF	TRAV10*01	TRBV7-2*01	NLVPMVATV	HomoSapiens	272.461	266.198	288.040	279.402	305.171	296.403	281.857	281.857	281.857	281.857	283.423	282.901	238.534	233.489	263.901	253.810	285.551	274.997	271.418	270.548	276.115	273.704	287.533	281.757
TTS.......DR	LLSN...GAV	DTKARL	CAPGNTGKLIF	SEH.......NR	FQN....EAQ	P.KGSF	CASSLGRDLNQPQHF	TRAV39*01	TRBV7-9*01	NLVPMVATV	HomoSapiens	229.661	227.772	234.881	231.795	246.680	240.366	247.408	247.408	247.408	247.408	247.930	247.756	227.051	224.441	233.002	230.496	244.758	239.194	202.519	199.214	214.524	208.236	238.600	227.496
TSG......FNG	NVL....DGL	SRSKGY	CAVRRAGNDMRF	SGD.......LS	YYN....GEE	F.PDLH	CASSGTNSPLHF	TRAV1-2*01	TRBV9*01	NLVPMVATV	HomoSapiens	242.884	237.068	255.116	248.234	270.057	262.060	263.066	263.066	263.066	263.066	264.632	264.110	216.090	215.742	222.771	219.779	239.538	231.783	233.489	225.137	248.103	239.305	263.784	256.204
SSV......SVY	YLSG..STLV	NKSQTS	CAVSEPSGAGSYQLTF	ENH.......RY	SYG....VKD	S.KTED	CAISRGNEQYF	TRAV8-6*01	TRBV10-3*01	GILGFVFTL	HomoSapiens	210.871	203.165	227.252	217.903	244.765	235.189	262.022	262.022	262.022	262.022	269.330	266.894	209.827	209.827	214.629	212.332	231.106	223.237	216.438	211.914	225.485	220.166	242.840	234.650
SSY......SPS	YTSA..ATLV	KKSETS	CVVSENYKLSF	PRH.......DT	FYE....KMQ	F.SDYH	CASSFGQGGYEQYF	TRAV8-2*01	TRBV13*01	GILGFVFTL	HomoSapiens	212.610	207.987	227.975	220.013	241.275	234.113	214.002	214.002	214.002	214.002	224.441	220.962	164.416	162.503	196.882	185.469	222.032	209.597	215.394	213.132	220.266	217.233	230.770	225.539
TSG......FYG	NAL....DGL	SRSDSY	CAVSLWDGGYQKVTF	PRH.......DT	FYE....KMQ	F.SDYH	CASSLGTGPYNEQFF	TRAV1-1*01	TRBV13*01	GILGFVFTL	HomoSapiens	239.404	233.588	255.277	245.652	276.670	265.589	258.891	258.891	258.891	258.891	260.978	260.282	209.827	207.043	220.057	214.768	246.685	234.055	229.313	225.485	237.490	232.743	257.781	249.119
TSES.....DYY	QEAY..KQQN	QKAAKS	CAYRSALGNQFYF	SGH.......DN	FVK....ESK	T.GGTY	CASSQEVFRLAETSGEYEQYF	TRAV38-2/DV8*01	TRBV14*01	GILGFVFTL	HomoSapiens	271.940	270.423	285.952	278.186	306.780	295.906	266.198	266.198	266.198	266.198	270.374	268.982	278.203	274.897	298.351	290.695	313.335	305.763	263.762	254.193	280.117	270.075	303.714	292.956
NSA......FQY	TYS....SGN	DKSSKY	CAKSHDDDKIIF	LNH.......DA	SQI....VND	E.KKES	CASSMRSYNEQFF	TRAV12-3*01	TRBV19*01	GILGFVFTL	HomoSapiens	153.977	151.218	162.288	157.597	176.389	168.972	222.354	222.354	222.354	222.354	223.398	223.050	220.788	219.222	229.035	225.346	240.421	234.422	179.553	176.595	189.992	184.524	207.282	199.027
DRG......SQS	IYS....NGD	NKASQY	CAVNTGNQFYF	MGH.......RA	YSY....EKL	P.NSSL	CASSQDEPYEQYF	TRAV12-2*01	TRBV4-1*01	GILGFVFTL	HomoSapiens	207.217	200.083	219.061	211.995	233.935	225.624	210.871	210.871	210.871	210.871	224.963	220.266	195.734	190.688	218.387	208.365	239.699	229.271	202.867	198.866	213.132	207.590	232.988	223.582
NSA......SDY	IRSN...MDK	NKTVKH	CAENMRGSNYKLTF	SGH.......NT	YEN....EEA	L.KGVD	CASSLDGRQSNTEAFF	TRAV13-2*01	TRBV11-3*01	PKYVKQNTLKLAT	HomoSapiens	238.708	231.600	251.021	243.840	265.439	257.916	246.364	246.364	246.364	246.364	261.500	256.455	249.495	249.147	257.012	253.949	269.249	263.697	213.654	211.219	231.053	222.503	251.648	242.134
TSG......FYG	NAL....DGL	SRSDSY	GDEAGTALIF	SGH.......NT	YEN....EEA	L.KGVD	CASSLQGIYTF	TRAV1-1*01	TRBV11-3*01	PKYVKQNTLKLAT	HomoSapiens	222.876	217.532	236.165	228.984	248.546	242.119	234.881	234.881	234.881	234.881	239.578	238.012	189.992	185.121	201.475	196.465	223.398	212.695	243.232	242.884	246.190	244.425	255.041	251.015
NSA......SQS	VYS....SGN	NRASQY	CVVNTGGSQGNLIF	SGH.......NT	YEN....EEA	L.KGVD	CASSPGVAGSSYNEQFF	TRAV12-1*01	TRBV11-3*01	PKYVKQNTLKLAT	HomoSapiens	202.345	195.808	215.367	207.624	228.143	221.330	259.935	259.935	259.935	259.935	268.808	265.850	200.953	197.996	245.946	230.079	271.498	259.028	217.134	209.131	230.357	222.155	245.059	237.490
TTS.......DR	LLSN...GAV	DTKARL	CAVDDSQGSQGNLIF	SGH.......NS	FNN....NVP	P.NASF	CASSLISNTEAFF	TRAV39*01	TRBV12-3*01	PKYVKQNTLKLAT	HomoSapiens	209.653	208.087	214.564	211.593	221.784	218.044	275.593	275.593	275.593	275.593	278.725	277.681	191.558	191.036	208.156	202.102	231.267	219.589	230.705	227.573	241.492	235.079	260.065	251.560
DSA......IYN	IQSS...QRE	DKSSGR	CAVSWAGSYQLTF	SGH.......NS	FNN....NVP	P.NASF	CASSLQVNTFSSGNTIYF	TRAV21*01	TRBV12-3*01	PKYVKQNTLKLAT	HomoSapiens	255.411	243.679	274.148	262.665	291.505	282.348	274.549	274.549	274.549	274.549	276.115	275.593	220.266	218.178	240.100	232.862	263.548	251.847	267.242	266.720	268.634	267.838	278.138	272.945
TTQ......YPS	AMKA...NDK	RKETTS	CALSATNTGNQFYF	SGH.......NS	FNN....NVP	P.NASF	CASSLGQNSGNTDTQYF	TRAV9-1*01	TRBV12-3*01	PKYVKQNTLKLAT	HomoSapiens	253.497	242.983	269.731	259.499	287.519	278.038	224.441	224.441	224.441	224.441	244.276	237.664	203.563	197.996	236.133	223.119	266.439	251.446	209.131	204.781	220.440	213.505	263.001	244.583
VSG......NPY	YITG..DNLV	NKSQTS	CAVRDNTGGFKTIF	SGH.......NS	FNN....NVP	P.NASF	CASSWGVETQYF	TRAV3*01	TRBV12-3*01	PKYVKQNTLKLAT	HomoSapiens	188.774	176.421	217.536	200.317	251.615	234.503	256.803	256.803	256.803	256.803	257.847	257.499	131.533	131.533	169.323	156.030	200.351	184.061	177.465	166.156	202.693	187.954	232.206	218.071
TRDT.....TYY	RNSF..DEQN	QKSTSS	CALNRGYGGSQGNLIF	SGH.......NS	FNN....NVP	P.NASF	CASREDRGVSKAEQYF	TRAV19*01	TRBV12-3*01	PKYVKQNTLKLAT	HomoSapiens	238.360	232.892	247.729	241.981	262.086	254.936	259.935	259.935	259.935	259.935	279.247	272.809	210.349	198.344	234.881	223.815	257.686	246.019	217.830	213.480	232.445	224.193	261.696	247.868
TRDT.....TYY	RNSF..DEQN	QKSTSS	CALKPGTGNQFYF	SGH.......NS	FNN....NVP	P.NASF	CASSSQGLHEQYF	TRAV19*01	TRBV12-3*01	PKYVKQNTLKLAT	HomoSapiens	197.648	193.273	214.725	204.768	242.789	228.790	216.090	216.090	216.090	216.090	240.622	232.445	191.558	191.036	206.069	200.083	223.558	215.218	216.438	214.698	222.702	218.526	242.840	233.814
VSG......LRG	LYSA...GEE	TK..KE	CAVQYGGSQGNLIF	PRH.......DT	FYE....KMQ	F.SDYH	CASTRQNSNQPQHF	TRAV20*01	TRBV13*01	PKYVKQNTLKLAT	HomoSapiens	203.041	200.730	205.731	203.976	214.793	209.590	284.988	284.988	284.988	284.988	285.510	285.336	226.529	224.441	246.781	238.987	264.351	255.702	247.060	246.016	252.105	248.899	269.721	261.608
TRDT.....TYY	RNSF..DEQN	QKSTSS	CALSKTGGGADGLTF	SGH.......DN	FVK....ESK	T.GGTY	CASSQGRRNGYTF	TRAV19*01	TRBV14*01	PKYVKQNTLKLAT	HomoSapiens	234.707	231.848	245.400	239.240	271.133	258.652	151.367	151.367	151.367	151.367	185.295	173.986	188.948	183.729	209.618	200.153	244.115	228.388	222.006	217.656	231.923	226.281	251.714	241.820
TISG.....NEY	GLK.....NN	TEDRKS	CIVRVYSGGYQKVTF	SGH.......DN	FVK....ESK	T.GGTY	CASSRGPSSEQYF	TRAV26-1*01	TRBV14*01	PKYVKQNTLKLAT	HomoSapiens	220.092	212.958	242.670	230.521	262.528	252.078	164.938	164.938	164.938	164.938	189.992	181.641	234.359	233.837	240.935	238.152	253.270	247.098	205.651	204.607	224.441	215.295	252.040	239.532
DSA......SNY	IRSN...VGE	NKTAKH	CAAKAPYGQNFVF	KGH.......SH	LQK....ENI	P.KEGP	CASSPGLSVGEQFF	TRAV13-1*01	TRBV18*01	PKYVKQNTLKLAT	HomoSapiens	215.568	208.634	231.187	222.296	248.546	239.588	257.847	257.847	257.847	257.847	259.413	258.891	242.188	241.144	257.220	251.653	270.052	263.732	251.583	250.191	255.237	253.124	263.980	259.919
VSP......FSN	MTFS...ENT	DADTKQ	CVVNAQGRDMRF	LNH.......DA	SQI....VND	E.KKES	CASDRVGSNQPQHF	TRAV10*01	TRBV19*01	PKYVKQNTLKLAT	HomoSapiens	202.345	197.001	212.396	206.385	223.366	217.326	270.374	270.374	270.374	270.374	280.291	276.985	234.881	229.313	250.957	244.345	265.234	257.835	232.097	222.180	247.582	237.615	266.916	257.378
NSA......FQY	TYS....SGN	DKSSKY	CAIWNYQLIW	LNH.......DA	SQI....VND	E.KKES	CASDYTGDGNQPQHF	TRAV12-3*01	TRBV19*01	PKYVKQNTLKLAT	HomoSapiens	194.690	187.556	208.702	200.581	223.556	215.675	252.627	252.627	252.627	252.627	254.715	254.019	221.310	221.310	227.156	224.511	243.312	235.076	195.560	193.994	212.088	204.309	234.554	223.766
TSG......FNG	NVL....DGL	SRSKGY	CAVTSMNRDDKIIF	LNH.......DA	SQI....VND	E.KKES	CASTLGPGRDQGAQHF	TRAV1-2*01	TRBV19*01	PKYVKQNTLKLAT	HomoSapiens	221.832	212.412	239.297	228.869	256.044	247.255	283.945	283.945	283.945	283.945	291.252	288.816	239.056	237.316	253.253	246.085	279.448	267.471	245.320	244.972	247.756	246.562	269.525	260.357
TRDT.....TYY	RNSF..DEQN	QKSTSS	CALTRSAGNNRKLIW	LNH.......DA	SQI....VND	E.KKES	CASSFKRGLGDEQFF	TRAV19*01	TRBV19*01	PKYVKQNTLKLAT	HomoSapiens	180.945	170.456	203.081	190.910	220.709	211.016	225.485	225.485	225.485	225.485	251.061	242.536	209.305	207.391	222.980	215.812	250.379	238.311	230.009	224.267	238.882	233.340	248.908	243.516
SVF.......SS	VVTG...GEV	GDARKD	CAGGGAGKSTF	LNH.......DA	SQI....VND	E.KKES	CASSLLRTDTDTQYF	TRAV27*01	TRBV19*01	PKYVKQNTLKLAT	HomoSapiens	127.705	126.910	135.307	130.982	153.867	145.223	274.549	274.549	274.549	274.549	279.769	278.029	232.793	230.705	249.495	243.162	265.636	257.021	236.272	234.359	242.884	239.404	257.586	249.994
TRDT.....TYY	RNSF..DEQN	QKSTSS	CALSEAGAGSYQLTF	SNH.......LY	FYN....NEI	P.DGSN	CASSDGLQGNTEAFF	TRAV19*01	TRBV2*01	PKYVKQNTLKLAT	HomoSapiens	223.050	217.631	237.209	228.491	267.368	252.378	229.661	229.661	229.661	229.661	230.183	230.009	208.261	207.739	215.881	212.332	235.443	224.981	211.219	210.523	226.529	218.128	250.866	239.701
TTQ......YPS	AMKA...NDK	RKETTS	CALSTGGTSYGKLTF	SNH.......LY	FYN....NEI	P.DGSN	CASRGDLEGYTF	TRAV9-1*01	TRBV2*01	PKYVKQNTLKLAT	HomoSapiens	239.752	230.854	253.350	245.216	266.198	259.497	244.276	244.276	244.276	244.276	245.842	245.320	222.354	219.222	241.353	233.628	258.810	250.103	205.651	199.388	225.311	214.002	253.736	240.829
NSA......SDY	IRSN...MDK	NKTVKH	CAENRDYKLSF	SNH.......LY	FYN....NEI	P.DGSN	CASPATEYNEQFF	TRAV13-2*01	TRBV2*01	PKYVKQNTLKLAT	HomoSapiens	214.350	206.446	227.734	219.589	244.814	236.016	233.837	233.837	233.837	233.837	239.578	237.664	225.485	222.354	235.089	230.705	245.802	240.479	212.958	210.697	220.092	215.842	235.207	228.395
TSI.......NN	IRSN...ERE	DTSKKS	CATDAGAGGTSYGKLTF	SNH.......LY	FYN....NEI	P.DGSN	CAKATRDTQYF	TRAV17*01	TRBV2*01	PKYVKQNTLKLAT	HomoSapiens	193.646	182.884	211.754	200.936	228.396	219.246	214.002	214.002	214.002	214.002	235.924	228.617	217.134	216.090	225.694	221.031	250.298	239.114	209.131	203.041	227.747	217.134	259.674	245.381
SVF.......SS	VVTG...GEV	GDARKD	CAGEGGSEKLVF	DFQ......ATT	SNEG...SKA	A.SLTL	CSASGSGGKTEAFF	TRAV27*01	TRBV20-1*01	PKYVKQNTLKLAT	HomoSapiens	187.383	178.261	202.439	193.571	216.280	208.772	260.978	260.978	260.978	260.978	265.676	264.110	212.436	211.914	226.738	221.518	247.488	238.230	203.215	197.474	216.960	208.832	243.362	231.480
TTQ......YPS	AMKA...NDK	RKETTS	CALRMNTGNQFYF	DFQ......ATT	SNEG...SKA	A.SLTL	CSARLPAGDGYTF	TRAV9-1*01	TRBV20-1*01	PKYVKQNTLKLAT	HomoSapiens	263.588	255.958	280.492	270.408	299.160	289.730	280.813	280.813	280.813	280.813	291.774	288.120	225.485	225.137	233.210	230.079	249.977	241.706	231.749	228.791	245.842	237.913	268.090	257.586
VGI.......SA	LSS.....GK	NIQEKH	CAVIVIQGAQKLVF	DFQ......ATT	SNEG...SKA	A.SLTL	CSARDSGDGGYQPQHF	TRAV41*01	TRBV20-1*01	PKYVKQNTLKLAT	HomoSapiens	276.637	268.385	288.522	280.710	308.524	298.483	293.340	293.340	293.340	293.340	305.345	301.343	230.183	229.313	237.595	234.185	261.621	248.601	236.272	232.793	248.799	241.492	272.266	261.278
NSA......FQY	TYS....SGN	DKSSKY	CAMRVTGANSKLTF	SQV.......TM	ANQG...SEA	P.NLTF	CSVELAGGGGNEQFF	TRAV12-3*01	TRBV29-1*01	PKYVKQNTLKLAT	HomoSapiens	237.838	232.246	253.350	244.505	274.581	264.153	244.276	244.276	244.276	244.276	246.364	245.668	218.700	217.134	226.320	222.423	245.320	235.775	173.986	163.372	199.040	184.524	234.620	218.769
NSA......FQY	TYS....SGN	DKSSKY	CAMSAKDAGGTSYGKLTF	DFQ......ATT	SNEG...SKA	A.SLTL	CSAIRTSGTGTQYF	TRAV12-3*01	TRBV20-1*01	PKYVKQNTLKLAT	HomoSapiens	269.504	265.452	275.192	271.590	291.821	283.515	173.290	173.290	173.290	173.290	214.524	200.779	238.012	233.837	252.627	246.294	271.739	261.541	209.479	199.909	226.355	216.140	258.564	242.034
NSA......FQY	TYS....SGN	DKSSKY	CAFNTNAGKSTF	DFQ......ATT	SNEG...SKA	A.SLTL	CSASLGTGQETQYF	TRAV12-3*01	TRBV20-1*01	PKYVKQNTLKLAT	HomoSapiens	224.267	221.260	237.049	230.326	258.732	247.689	230.705	230.705	230.705	230.705	241.144	237.664	213.480	209.131	226.320	220.753	245.480	235.959	176.421	171.724	193.994	184.524	222.615	209.665
VSN......AYN	GS......KP	ER..FS	CAVESNDYKLSF	DFQ......ATT	SNEG...SKA	A.SLTL	CSASSGTQETQYF	TRAV2*01	TRBV20-1*01	PKYVKQNTLKLAT	HomoSapiens	239.752	233.787	254.635	246.283	269.235	261.695	232.793	232.793	232.793	232.793	255.237	247.756	177.465	171.550	201.058	190.897	229.019	216.228	196.604	187.209	209.653	201.127	232.858	221.701
TSG......FNG	NVL....DGL	SRSKGY	CAVRDRQNAGNNRKLIW	DFQ......ATT	SNEG...SKA	A.SLTL	CSAVYQETQYF	TRAV1-2*01	TRBV20-1*01	PKYVKQNTLKLAT	HomoSapiens	256.629	249.297	276.477	265.601	292.106	283.922	297.515	297.515	297.515	297.515	298.037	297.863	191.036	185.469	214.002	204.537	237.691	225.348	232.097	228.791	243.580	236.919	264.306	254.277
SSV......PPY	YTSA..ATLV	KKSETS	CAVDSSSNTGKLIF	KGH.......DR	SFD....VKD	Q.AQAK	CATSAEGGRRSEQFF	TRAV8-4*01	TRBV24-1*01	PKYVKQNTLKLAT	HomoSapiens	222.180	219.023	231.428	226.392	246.522	238.476	245.320	245.320	245.320	245.320	257.325	253.323	235.924	233.141	250.122	244.415	264.512	257.675	243.580	241.318	247.930	245.270	259.347	253.494
TRDT.....TYY	RNSF..DEQN	QKSTSS	CALSELANTDKLIF	MNH.......EY	SMN....VEV	K.EKRN	CASSPGVQGTVQPQHF	TRAV19*01	TRBV27*01	PKYVKQNTLKLAT	HomoSapiens	212.784	208.137	235.603	223.948	260.504	247.823	243.232	243.232	243.232	243.232	243.232	243.232	176.943	170.506	210.035	193.890	246.765	229.042	215.394	212.958	225.485	220.017	248.190	237.498
TSDP.....SYG	QGSY..DQQN	QKARKS	CAMREPNDARLMF	MDH.......EN	SYD....VKM	E.KKER	CASSLGQPNTEAFF	TRAV14/DV4*01	TRBV28*01	PKYVKQNTLKLAT	HomoSapiens	209.305	204.955	222.916	215.195	243.422	233.223	184.773	184.773	184.773	184.773	223.398	210.523	172.768	172.594	206.695	194.098	234.720	220.541	184.077	175.551	202.519	191.583	231.031	217.011
YSG......SPE	HI......SR	NKGETS	CALSGLGYGNKLVF	MDH.......EN	SYD....VKM	E.KKER	CASTGLGRGGTEAFF	TRAV16*01	TRBV28*01	PKYVKQNTLKLAT	HomoSapiens	229.487	221.359	245.641	235.867	265.470	255.331	273.505	273.505	273.505	273.505	280.291	278.029	249.495	248.799	255.759	253.253	267.162	261.483	196.952	186.861	217.656	205.154	250.996	235.679
SSN......FYA	MTLN...GDE	NTKEGY	CAFTTDSWGKFQF	MDH.......EN	SYD....VKM	E.KKER	CASSSSGGSWGYTF	TRAV24*01	TRBV28*01	PKYVKQNTLKLAT	HomoSapiens	233.663	226.380	245.159	238.322	255.411	249.756	278.725	278.725	278.725	278.725	279.247	279.073	232.271	228.269	246.781	239.683	267.242	257.411	211.914	200.953	230.705	218.824	256.085	244.483
TSDP.....SYG	QGSY..DQQN	QKARKS	CAMRGINTGGFKTIF	MDH.......EN	SYD....VKM	E.KKER	CASTQDGTNEKLFF	TRAV14/DV4*01	TRBV28*01	PKYVKQNTLKLAT	HomoSapiens	230.009	220.763	246.283	236.854	269.456	257.339	246.364	246.364	246.364	246.364	268.808	261.326	222.354	220.266	240.727	233.071	271.578	258.214	195.560	193.472	217.830	207.341	251.648	235.049
TSDP.....SYG	QGSY..DQQN	QKARKS	CAMRENSGGGADGLTF	MDH.......EN	SYD....VKM	E.KKER	CASSLSNQPQHF	TRAV14/DV4*01	TRBV28*01	PKYVKQNTLKLAT	HomoSapiens	189.818	180.448	210.630	198.573	236.715	223.478	240.100	240.100	240.100	240.100	244.798	243.232	196.256	193.472	205.233	200.988	239.297	223.891	186.165	176.421	204.433	193.621	234.163	219.214
SSY......STF	SSE....NQE	IKSDSS	CALRGDKLIF	MDH.......EN	SYD....VKM	E.KKER	CASTSGGTYNEQFF	TRAV18*01	TRBV28*01	PKYVKQNTLKLAT	HomoSapiens	199.735	190.390	212.958	204.745	226.086	218.986	223.398	223.398	223.398	223.398	239.578	234.185	194.690	188.948	212.958	204.468	233.676	223.191	179.901	173.812	194.690	186.115	220.592	208.737
TRDT.....TYY	RNSF..DEQN	QKSTSS	CALSEADYGGSQGNLIF	MDH.......EN	SYD....VKM	E.KKER	CASSSPTSGSLQYEQYF	TRAV19*01	TRBV28*01	PKYVKQNTLKLAT	HomoSapiens	223.919	222.702	231.990	227.378	251.900	242.166	270.374	270.374	270.374	270.374	281.335	277.681	222.876	219.918	233.210	228.756	265.877	250.551	226.181	221.310	237.316	230.556	260.913	248.835
NIAT.....NDY	GYK.....TK	PADRKS	CLVRGTGFQKLVF	MDH.......EN	SYD....VKM	E.KKER	CASSSQGYEQYF	TRAV4*01	TRBV28*01	PKYVKQNTLKLAT	HomoSapiens	193.298	188.600	202.840	197.174	217.767	209.419	220.266	220.266	220.266	220.266	228.095	225.485	201.475	201.127	214.211	208.574	235.684	226.288	189.296	183.555	206.173	197.200	226.986	216.666
DRG......SQS	IYS....NGD	NKASQY	CAVTEDDKIIF	MDH.......EN	SYD....VKM	E.KKER	CASSSSGGASYEQYF	TRAV12-2*01	TRBV28*01	PKYVKQNTLKLAT	HomoSapiens	169.114	162.602	190.314	178.750	213.591	201.712	215.046	215.046	215.046	215.046	226.007	222.354	217.656	216.786	227.364	223.189	241.144	234.146	178.509	173.812	198.866	188.203	222.745	211.132
NSA......FQY	TYS....SGN	DKSSKY	CAMKGGSEKLVF	SQV.......TM	ANQG...SEA	P.NLTF	CSVAGTGSNQPQHF	TRAV12-3*01	TRBV29-1*01	PKYVKQNTLKLAT	HomoSapiens	223.224	214.798	241.867	231.508	258.574	249.728	227.573	227.573	227.573	227.573	235.924	233.141	226.529	225.137	230.287	228.548	239.377	234.835	160.067	148.410	180.075	167.672	220.657	203.310
NSA......FQY	TYS....SGN	DKSSKY	CAMNENGNEKLTF	SQV.......TM	ANQG...SEA	P.NLTF	CSGAGEGIEQYF	TRAV12-3*01	TRBV29-1*01	PKYVKQNTLKLAT	HomoSapiens	227.747	223.000	237.370	231.405	255.443	246.010	203.563	203.563	203.563	203.563	213.480	210.175	212.436	212.262	217.969	215.673	231.187	224.636	152.063	141.102	186.165	167.971	220.918	204.622
TTQ......YPS	AMKA...NDK	RKETTS	CALSDQDDYKLSF	LGH.......DT	YNN....KEL	P.DKAH	CASSQSGGLKDTQYF	TRAV9-1*01	TRBV3-1*01	PKYVKQNTLKLAT	HomoSapiens	241.492	234.980	252.467	245.756	264.015	257.910	163.894	163.894	163.894	163.894	200.953	188.600	183.729	167.374	217.969	202.380	243.473	230.625	198.692	193.820	217.482	207.192	243.101	231.181
YGA......TPY	YFSG..DTLV	KRSQSS	CAVGANFGNEKLTF	LGH.......DT	YNN....KEL	P.DKAH	CASSQVEETQYF	TRAV8-3*01	TRBV3-1*01	PKYVKQNTLKLAT	HomoSapiens	228.443	224.889	239.538	233.470	254.177	246.606	226.529	226.529	226.529	226.529	228.095	227.573	199.909	198.344	212.958	207.252	230.063	221.551	205.303	199.562	224.789	214.400	245.776	235.955
YSG......SPE	HI......SR	NKGETS	CALSDGAGGYNKLIF	GTS......NPN	SVG.....IG	P.QDRQ	CAWSGRRGVTEAFF	TRAV16*01	TRBV30*01	PKYVKQNTLKLAT	HomoSapiens	244.972	236.272	262.183	252.501	276.258	268.556	282.901	282.901	282.901	282.901	289.164	287.076	222.354	221.310	243.023	234.741	262.022	252.329	224.789	208.435	246.886	232.544	266.328	256.450
NSA......FQY	TYS....SGN	DKSSKY	CAANADAGGTSYGKLTF	SGH.......RS	YFS....ETQ	F.SNSR	CASSLAPGQHNEQFF	TRAV12-3*01	TRBV5-1*01	PKYVKQNTLKLAT	HomoSapiens	220.440	216.488	233.676	226.197	257.214	245.149	171.202	171.202	171.202	171.202	212.436	198.692	223.919	220.962	237.804	232.097	261.541	250.815	216.438	213.654	222.006	218.576	240.883	230.989
TSDP.....SYG	QGSY..DQQN	QKARKS	CAMRNKGGGSNYKLTF	SGH.......RS	YFS....ETQ	F.SNSR	CASSRDLTDTQYF	TRAV14/DV4*01	TRBV5-1*01	PKYVKQNTLKLAT	HomoSapiens	218.178	209.379	233.676	224.545	248.641	240.971	214.002	214.002	214.002	214.002	227.051	222.702	199.909	195.560	226.529	216.299	245.882	236.464	229.313	225.137	234.533	230.904	248.125	241.259
DRG......SQS	IYS....NGD	NKASQY	CAVNIRGADGLTF	SGH.......NT	YYR....EEE	F.PNYS	CASSLASGSRYNEQFF	TRAV12-2*01	TRBV5-4*01	PKYVKQNTLKLAT	HomoSapiens	223.919	221.260	236.647	229.845	259.270	247.700	250.539	250.539	250.539	250.539	256.803	254.715	212.958	207.739	228.200	221.031	255.598	242.957	207.739	203.389	222.180	214.102	242.579	232.831
TTL.......SN	LVKS...GEV	GEAKKN	CASQSNTGNQFYF	SGH.......NT	YYR....EEE	F.PNYS	CASSYGGTGGLTEQYF	TRAV25*01	TRBV5-4*01	PKYVKQNTLKLAT	HomoSapiens	244.276	242.834	249.415	246.283	259.333	254.168	268.286	268.286	268.286	268.286	272.461	271.070	215.568	206.695	238.430	228.687	263.709	251.721	231.401	228.095	241.840	235.825	262.218	252.627
NSA......FQY	TYS....SGN	DKSSKY	CAMSPGSSNTGKLIF	MNH.......NS	SAS....EGT	L.NKRE	CASSVGYNQPQHF	TRAV12-3*01	TRBV6-1*01	PKYVKQNTLKLAT	HomoSapiens	203.041	201.774	205.892	203.919	222.955	214.092	208.783	208.783	208.783	208.783	214.524	212.610	225.485	224.441	239.056	234.045	250.459	244.368	203.215	199.562	216.438	209.230	239.056	228.210
VSN......AYN	GS......KP	ER..FS	CAVDLYNARLMF	MNH.......NS	SAS....EGT	L.NKRE	CASSDRGANSYNEQFF	TRAV2*01	TRBV6-1*01	PKYVKQNTLKLAT	HomoSapiens	232.097	227.871	241.947	236.315	254.841	248.126	258.891	258.891	258.891	258.891	262.544	261.326	219.744	218.874	227.364	223.746	251.342	240.008	226.529	226.007	239.404	232.743	259.935	250.785
VSN......AYN	GS......KP	ER..FS	CAVEDKDSSYKLIF	MNH.......EY	SVG....AGI	S.TTED	CASSSTGRVLTEAFF	TRAV2*01	TRBV6-5*01	PKYVKQNTLKLAT	HomoSapiens	261.152	257.598	267.884	263.617	280.370	274.172	247.408	247.408	247.408	247.408	265.154	259.239	238.534	238.012	243.649	241.562	255.036	248.933	201.127	190.862	220.962	208.634	247.799	235.533
TTS.......DR	LLSN...GAV	DTKARL	YGSTDKLIF	MNH.......EY	SVG....AGI	S.TTED	CASSQGGGGGAGELFF	TRAV39*01	TRBV6-5*01	PKYVKQNTLKLAT	HomoSapiens	218.004	210.672	233.034	224.269	248.894	240.606	255.759	255.759	255.759	255.759	258.891	257.847	216.612	214.350	233.837	227.156	250.620	242.658	209.827	208.957	219.396	214.350	240.426	230.674
VSN......AYN	GS......KP	ER..FS	CAVFTSGTYKYIF	MNH.......EY	SVG....AGI	S.TTED	CASSPERRAYEQYF	TRAV2*01	TRBV6-5*01	PKYVKQNTLKLAT	HomoSapiens	240.448	237.615	247.006	243.415	254.620	250.729	251.583	251.583	251.583	251.583	260.456	257.499	213.480	211.567	233.002	225.346	251.342	241.488	188.600	179.901	206.869	196.007	239.448	224.234
VSG......NPY	YITG..DNLV	NKSQTS	CAVRDNTGGFKTIF	MNH.......EY	SVG....AGI	S.TTED	CASSPGTSGAYEQYF	TRAV3*01	TRBV6-5*01	PKYVKQNTLKLAT	HomoSapiens	207.913	204.756	227.332	216.538	252.058	240.243	260.978	260.978	260.978	260.978	277.681	272.114	199.388	196.952	214.211	208.017	235.443	224.694	178.509	166.156	207.391	190.141	239.709	224.265
SVF.......SS	VVTG...GEV	GDARKD	CAGAAGANNLFF	MNH.......EY	SVG....AGI	S.TTED	CASSYSSGGPREQYF	TRAV27*01	TRBV6-5*01	PKYVKQNTLKLAT	HomoSapiens	167.548	156.637	178.830	171.340	189.676	183.513	255.759	255.759	255.759	255.759	264.632	261.674	233.315	230.705	244.276	239.891	260.818	252.467	189.644	184.599	212.088	200.431	245.711	230.037
DSS......STY	IFSN...MDM	NKKDKH	CAESPGANNLFF	MNH.......NY	SVG....AGI	S.TTED	CASSPQGGRHGYTF	TRAV5*01	TRBV6-6*01	PKYVKQNTLKLAT	HomoSapiens	225.659	222.900	234.158	229.317	249.432	242.002	265.154	265.154	265.154	265.154	268.286	267.242	240.622	240.448	249.913	245.320	265.475	258.156	210.175	199.040	228.269	217.134	247.081	237.237
TSDP.....SYG	QGSY..DQQN	QKARKS	CAMRRMNTGFQKLVF	SGH.......TA	FQG....TGA	P.EGSV	CASSLMGGVPYNEQFF	TRAV14/DV4*01	TRBV7-3*01	PKYVKQNTLKLAT	HomoSapiens	231.575	227.076	242.911	236.188	266.008	254.412	252.627	252.627	252.627	252.627	258.369	256.455	228.617	225.485	244.693	237.525	262.022	253.166	174.334	163.025	204.781	187.855	236.381	220.327
TISG.....NEY	GLK.....NN	TEDRKS	CIVTVPNRDDKIIF	SGH.......TA	FQG....TGA	P.EGSV	CASSLMGGVPYNEQFF	TRAV26-1*01	TRBV7-3*01	PKYVKQNTLKLAT	HomoSapiens	226.181	219.122	248.451	235.936	275.055	261.922	207.739	207.739	207.739	207.739	243.232	231.401	238.012	238.012	244.902	241.144	261.300	253.224	168.418	162.851	201.649	183.381	242.971	224.626
VSG......NPY	YITG..DNLV	NKSQTS	CAVRDPWGNNRLAF	SGH.......TA	FQG....TGA	P.EGSV	CASSLMGGVPYNEQFF	TRAV3*01	TRBV7-3*01	PKYVKQNTLKLAT	HomoSapiens	205.999	191.434	234.800	218.614	261.833	247.469	277.681	277.681	277.681	277.681	278.725	278.377	168.070	160.763	189.992	180.110	226.529	208.909	167.374	157.109	196.604	180.001	232.532	215.845
TTQ......YPS	AMKA...NDK	RKETTS	CALSETGFQKLVF	SGH.......TA	FQG....TGA	P.EGSV	CASSSGLAGGLETQYF	TRAV9-1*01	TRBV7-3*01	PKYVKQNTLKLAT	HomoSapiens	239.404	237.316	250.379	244.218	269.931	260.647	207.739	207.739	207.739	207.739	229.661	222.354	212.958	204.607	234.254	225.068	251.101	242.647	194.168	190.166	213.306	203.265	239.643	227.228
TISG.....TDY	GLT.....SN	AEDRKS	CILRRGGSNYKLTF	SGH.......TA	FQG....TGA	P.EGSV	CASSPLAGPLYEQYF	TRAV26-2*01	TRBV7-3*01	PKYVKQNTLKLAT	HomoSapiens	214.524	211.616	230.384	221.700	249.654	240.253	217.134	217.134	217.134	217.134	230.183	225.833	219.744	215.742	229.870	225.277	241.064	235.018	202.519	198.170	214.002	206.993	238.861	227.527
DRG......SQS	IYS....NGD	NKASQY	CAVVNSGYSTLTF	SGH.......VS	FNY....EAQ	P.EGSI	CASSLGGTYSNQPQHF	TRAV12-2*01	TRBV7-6*01	PKYVKQNTLKLAT	HomoSapiens	229.835	222.304	244.115	235.443	261.927	252.508	233.837	233.837	233.837	233.837	242.710	239.752	197.300	193.820	217.760	210.175	239.859	228.009	227.921	223.746	237.316	231.948	253.475	245.619
NSA......FQY	TYS....SGN	DKSSKY	CAMRSSGTYKYIF	SGH.......VS	FNY....EAQ	P.EGSI	CASSSSGQDANEQFF	TRAV12-3*01	TRBV7-6*01	PKYVKQNTLKLAT	HomoSapiens	215.046	209.976	233.435	223.019	256.518	244.987	214.002	214.002	214.002	214.002	218.178	216.786	217.656	216.786	229.243	224.998	242.108	236.028	214.002	212.610	217.656	215.444	229.987	224.104
VGI.......SA	LSS.....GK	NIQEKH	CAVGGNQFYF	SEH.......NR	FQN....EAQ	P.KGSF	CASSFSGVSGANVLTF	TRAV41*01	TRBV7-9*01	PKYVKQNTLKLAT	HomoSapiens	253.671	251.036	262.344	257.755	273.822	267.426	201.475	201.475	201.475	201.475	228.617	219.570	246.364	243.928	254.297	250.748	268.687	261.105	244.276	243.580	253.149	248.601	268.808	261.700
