,S,Y,T,V,R,G,M,N,C,W,H,I,D,Q,E,A,L,P,K,F
S,856.0,5.0,19.0,2.0,8.0,13.0,0.0,4.0,2.0,1.0,0.0,4.0,1.0,1.0,3.0,3.0,9.0,3.0,1.0,3.0
Y,5.0,282.0,1.0,2.0,6.0,2.0,0.0,1.0,0.0,1.0,4.0,1.0,2.0,1.0,1.0,2.0,8.0,3.0,3.0,2.0
T,19.0,1.0,292.0,5.0,3.0,14.0,1.0,2.0,0.0,2.0,0.0,1.0,4.0,10.0,6.0,3.0,3.0,1.0,1.0,1.0
V,2.0,2.0,5.0,8.0,1.0,9.0,1.0,0.0,0.0,0.0,1.0,3.0,1.0,4.0,1.0,1.0,1.0,1.0,1.0,2.0
R,8.0,6.0,3.0,1.0,56.0,3.0,0.0,0.0,0.0,2.0,0.0,1.0,2.0,1.0,0.0,2.0,0.0,1.0,0.0,2.0
G,13.0,2.0,14.0,9.0,3.0,376.0,0.0,5.0,0.0,2.0,2.0,3.0,8.0,10.0,10.0,6.0,9.0,14.0,2.0,2.0
M,0.0,0.0,1.0,1.0,0.0,0.0,2.0,0.0,0.0,0.0,0.0,0.0,1.0,0.0,0.0,1.0,0.0,0.0,0.0,0.0
N,4.0,1.0,2.0,0.0,0.0,5.0,0.0,70.0,0.0,0.0,0.0,2.0,3.0,0.0,0.0,4.0,2.0,4.0,0.0,1.0
C,2.0,0.0,0.0,0.0,0.0,0.0,0.0,0.0,400.0,0.0,0.0,0.0,0.0,0.0,0.0,0.0,0.0,0.0,0.0,0.0
W,1.0,1.0,2.0,0.0,2.0,2.0,0.0,0.0,0.0,10.0,0.0,0.0,0.0,0.0,0.0,0.0,2.0,0.0,0.0,0.0
H,0.0,4.0,0.0,1.0,0.0,2.0,0.0,0.0,0.0,0.0,12.0,0.0,0.0,1.0,0.0,2.0,0.0,1.0,0.0,0.0
I,4.0,1.0,1.0,3.0,1.0,3.0,0.0,2.0,0.0,0.0,0.0,18.0,4.0,0.0,2.0,0.0,2.0,0.0,0.0,1.0
D,1.0,2.0,4.0,1.0,2.0,8.0,1.0,3.0,0.0,0.0,0.0,4.0,54.0,1.0,3.0,3.0,3.0,2.0,0.0,0.0
Q,1.0,1.0,10.0,4.0,1.0,10.0,0.0,0.0,0.0,0.0,1.0,0.0,1.0,228.0,2.0,3.0,7.0,3.0,0.0,0.0
E,3.0,1.0,6.0,1.0,0.0,10.0,0.0,0.0,0.0,0.0,0.0,2.0,3.0,2.0,336.0,1.0,2.0,1.0,0.0,0.0
A,3.0,2.0,3.0,1.0,2.0,6.0,1.0,4.0,0.0,0.0,2.0,0.0,3.0,3.0,1.0,558.0,1.0,3.0,1.0,0.0
L,9.0,8.0,3.0,1.0,0.0,9.0,0.0,2.0,0.0,2.0,0.0,2.0,3.0,7.0,2.0,1.0,148.0,9.0,0.0,2.0
P,3.0,3.0,1.0,1.0,1.0,14.0,0.0,4.0,0.0,0.0,1.0,0.0,2.0,3.0,1.0,3.0,9.0,66.0,0.0,1.0
K,1.0,3.0,1.0,1.0,0.0,2.0,0.0,0.0,0.0,0.0,0.0,0.0,0.0,0.0,0.0,1.0,0.0,0.0,2.0,1.0
F,3.0,2.0,1.0,2.0,2.0,2.0,0.0,1.0,0.0,0.0,0.0,1.0,0.0,0.0,0.0,0.0,2.0,1.0,1.0,622.0
